user_name,email,role
Rohan Iyer,rohan.iyer1@hotmail.com,student
Ananya Reddy,ananya.reddy2@gmail.com,student
Kavya Das,kavya.das3@gmail.com,student
Nikhil Gupta,nikhil.gupta4@gmail.com,student
Rahul Kumar,rahul.kumar5@hotmail.com,student
Rahul Gupta,rahul.gupta6@gmail.com,student
Swati Kumar,swati.kumar7@gmail.com,student
Manoj Reddy,manoj.reddy8@yahoo.com,student
Manoj Sharma,manoj.sharma9@hotmail.com,student
Ananya Gupta,ananya.gupta10@gmail.com,student
Swati Joshi,swati.joshi11@yahoo.com,student
Pooja Kumar,pooja.kumar12@yahoo.com,student
Swati Reddy,swati.reddy13@outlook.com,student
Swati Joshi,swati.joshi14@yahoo.com,student
Priya Das,priya.das15@yahoo.com,student
Kavya Reddy,kavya.reddy16@gmail.com,student
Manoj Sharma,manoj.sharma17@yahoo.com,student
Meena Chopra,meena.chopra18@hotmail.com,student
Rohan Verma,rohan.verma19@hotmail.com,student
Kavya Patel,kavya.patel20@yahoo.com,student
Sneha Singh,sneha.singh21@yahoo.com,student
Rahul Das,rahul.das22@outlook.com,student
Nikhil Verma,nikhil.verma23@outlook.com,student
Suresh Patel,suresh.patel24@gmail.com,student
Priya Nair,priya.nair25@hotmail.com,student
Sneha Malhotra,sneha.malhotra26@outlook.com,student
Karthik Agarwal,karthik.agarwal27@hotmail.com,student
Divya Sharma,divya.sharma28@gmail.com,student
Swati Das,swati.das29@outlook.com,student
Rohan Singh,rohan.singh30@outlook.com,student
Isha Verma,isha.verma31@hotmail.com,student
Rahul Joshi,rahul.joshi32@gmail.com,student
Arjun Verma,arjun.verma33@gmail.com,student
Ananya Singh,ananya.singh34@outlook.com,student
Manoj Chopra,manoj.chopra35@hotmail.com,student
Pooja Singh,pooja.singh36@hotmail.com,student
Kavya Sharma,kavya.sharma37@hotmail.com,student
Kavya Iyer,kavya.iyer38@gmail.com,student
Meena Sharma,meena.sharma39@yahoo.com,student
Pooja Iyer,pooja.iyer40@yahoo.com,student
Amit Kumar,amit.kumar41@hotmail.com,student
Rahul Iyer,rahul.iyer42@hotmail.com,student
Amit Nair,amit.nair43@outlook.com,student
Karthik Joshi,karthik.joshi44@hotmail.com,student
Swati Patel,swati.patel45@hotmail.com,student
Kavya Chopra,kavya.chopra46@hotmail.com,student
Neha Iyer,neha.iyer47@gmail.com,student
Sneha Iyer,sneha.iyer48@yahoo.com,student
Neha Sharma,neha.sharma49@hotmail.com,student
Manoj Iyer,manoj.iyer50@outlook.com,student
Pooja Sharma,pooja.sharma51@yahoo.com,student
Divya Nair,divya.nair52@outlook.com,student
Isha Das,isha.das53@outlook.com,student
Karthik Singh,karthik.singh54@gmail.com,student
Suresh Agarwal,suresh.agarwal55@hotmail.com,student
Amit Kumar,amit.kumar56@hotmail.com,student
Priya Verma,priya.verma57@hotmail.com,student
Ananya Gupta,ananya.gupta58@gmail.com,student
Vikram Verma,vikram.verma59@yahoo.com,student
Priya Mehta,priya.mehta60@gmail.com,student
Priya Sharma,priya.sharma61@yahoo.com,student
Swati Reddy,swati.reddy62@outlook.com,student
Isha Sharma,isha.sharma63@gmail.com,student
Vikram Das,vikram.das64@hotmail.com,student
Karthik Chopra,karthik.chopra65@outlook.com,student
Kavya Das,kavya.das66@outlook.com,student
Meena Reddy,meena.reddy67@gmail.com,student
Meena Verma,meena.verma68@hotmail.com,student
Meena Patel,meena.patel69@gmail.com,student
Karthik Reddy,karthik.reddy70@outlook.com,student
Arjun Verma,arjun.verma71@yahoo.com,student
Nikhil Sharma,nikhil.sharma72@yahoo.com,student
Nikhil Mehta,nikhil.mehta73@yahoo.com,student
Swati Agarwal,swati.agarwal74@gmail.com,student
Nikhil Patel,nikhil.patel75@gmail.com,student
Arjun Nair,arjun.nair76@outlook.com,student
Sneha Mehta,sneha.mehta77@yahoo.com,student
Swati Nair,swati.nair78@outlook.com,student
Neha Das,neha.das79@yahoo.com,student
Neha Joshi,neha.joshi80@hotmail.com,student
Neha Gupta,neha.gupta81@hotmail.com,student
Kavya Singh,kavya.singh82@gmail.com,student
Aarav Malhotra,aarav.malhotra83@outlook.com,student
Meena Patel,meena.patel84@yahoo.com,student
Isha Mehta,isha.mehta85@hotmail.com,student
Kavya Mehta,kavya.mehta86@gmail.com,student
Neha Reddy,neha.reddy87@yahoo.com,student
Meena Gupta,meena.gupta88@outlook.com,student
Vikram Verma,vikram.verma89@gmail.com,student
Meena Agarwal,meena.agarwal90@outlook.com,student
Rahul Joshi,rahul.joshi91@gmail.com,student
Amit Malhotra,amit.malhotra92@yahoo.com,student
Meena Agarwal,meena.agarwal93@yahoo.com,student
Divya Malhotra,divya.malhotra94@outlook.com,student
Rahul Malhotra,rahul.malhotra95@hotmail.com,student
Suresh Kumar,suresh.kumar96@gmail.com,student
Sneha Iyer,sneha.iyer97@yahoo.com,student
Aarav Iyer,aarav.iyer98@hotmail.com,student
Karthik Das,karthik.das99@hotmail.com,student
Kavya Iyer,kavya.iyer100@yahoo.com,student
Aarav Sharma,aarav.sharma101@gmail.com,student
Nikhil Singh,nikhil.singh102@yahoo.com,student
Divya Joshi,divya.joshi103@yahoo.com,student
Vikram Sharma,vikram.sharma104@outlook.com,student
Vikram Patel,vikram.patel105@yahoo.com,student
Manoj Mehta,manoj.mehta106@outlook.com,student
Swati Kumar,swati.kumar107@yahoo.com,student
Ananya Agarwal,ananya.agarwal108@outlook.com,student
Suresh Chopra,suresh.chopra109@hotmail.com,student
Nikhil Iyer,nikhil.iyer110@yahoo.com,student
Nikhil Nair,nikhil.nair111@gmail.com,student
Suresh Malhotra,suresh.malhotra112@yahoo.com,student
Isha Sharma,isha.sharma113@yahoo.com,student
Sneha Iyer,sneha.iyer114@hotmail.com,student
Isha Singh,isha.singh115@gmail.com,student
Swati Sharma,swati.sharma116@outlook.com,student
Nikhil Nair,nikhil.nair117@hotmail.com,student
Priya Agarwal,priya.agarwal118@gmail.com,student
Neha Gupta,neha.gupta119@outlook.com,student
Ananya Malhotra,ananya.malhotra120@gmail.com,student
Nikhil Verma,nikhil.verma121@gmail.com,student
Rahul Verma,rahul.verma122@outlook.com,student
Isha Nair,isha.nair123@yahoo.com,student
Arjun Verma,arjun.verma124@hotmail.com,student
Nikhil Gupta,nikhil.gupta125@outlook.com,student
Swati Agarwal,swati.agarwal126@yahoo.com,student
Suresh Iyer,suresh.iyer127@hotmail.com,student
Priya Kumar,priya.kumar128@hotmail.com,student
Rohan Reddy,rohan.reddy129@yahoo.com,student
Divya Reddy,divya.reddy130@yahoo.com,student
Pooja Malhotra,pooja.malhotra131@gmail.com,student
Karthik Singh,karthik.singh132@outlook.com,student
Karthik Patel,karthik.patel133@yahoo.com,student
Suresh Gupta,suresh.gupta134@gmail.com,student
Amit Agarwal,amit.agarwal135@hotmail.com,student
Sneha Chopra,sneha.chopra136@yahoo.com,student
Sneha Singh,sneha.singh137@hotmail.com,student
Nikhil Kumar,nikhil.kumar138@outlook.com,student
Divya Gupta,divya.gupta139@outlook.com,student
Rohan Reddy,rohan.reddy140@outlook.com,student
Aarav Mehta,aarav.mehta141@hotmail.com,student
Suresh Singh,suresh.singh142@gmail.com,student
Amit Mehta,amit.mehta143@outlook.com,student
Nikhil Reddy,nikhil.reddy144@gmail.com,student
Neha Agarwal,neha.agarwal145@gmail.com,student
Rahul Patel,rahul.patel146@outlook.com,student
Ananya Agarwal,ananya.agarwal147@yahoo.com,student
Arjun Malhotra,arjun.malhotra148@yahoo.com,student
Divya Joshi,divya.joshi149@outlook.com,student
Amit Iyer,amit.iyer150@hotmail.com,student
Rohan Reddy,rohan.reddy151@outlook.com,student
Ananya Malhotra,ananya.malhotra152@yahoo.com,student
Divya Agarwal,divya.agarwal153@gmail.com,student
Arjun Sharma,arjun.sharma154@gmail.com,student
Arjun Reddy,arjun.reddy155@yahoo.com,student
Rahul Patel,rahul.patel156@gmail.com,student
Suresh Sharma,suresh.sharma157@outlook.com,student
Swati Kumar,swati.kumar158@outlook.com,student
Isha Iyer,isha.iyer159@gmail.com,student
Nikhil Singh,nikhil.singh160@yahoo.com,student
Priya Iyer,priya.iyer161@outlook.com,student
Ananya Iyer,ananya.iyer162@yahoo.com,student
Pooja Chopra,pooja.chopra163@outlook.com,student
Nikhil Malhotra,nikhil.malhotra164@yahoo.com,student
Pooja Verma,pooja.verma165@yahoo.com,student
Arjun Mehta,arjun.mehta166@gmail.com,student
Arjun Sharma,arjun.sharma167@gmail.com,student
Aarav Singh,aarav.singh168@yahoo.com,student
Nikhil Verma,nikhil.verma169@yahoo.com,student
Suresh Reddy,suresh.reddy170@hotmail.com,student
Meena Nair,meena.nair171@hotmail.com,student
Nikhil Patel,nikhil.patel172@yahoo.com,student
Neha Mehta,neha.mehta173@yahoo.com,student
Karthik Kumar,karthik.kumar174@outlook.com,student
Ananya Joshi,ananya.joshi175@yahoo.com,student
Aarav Reddy,aarav.reddy176@outlook.com,student
Divya Iyer,divya.iyer177@gmail.com,student
Rahul Chopra,rahul.chopra178@hotmail.com,student
Nikhil Chopra,nikhil.chopra179@outlook.com,student
Isha Gupta,isha.gupta180@outlook.com,student
Ananya Verma,ananya.verma181@yahoo.com,student
Sneha Patel,sneha.patel182@hotmail.com,student
Aarav Patel,aarav.patel183@outlook.com,student
Rohan Nair,rohan.nair184@outlook.com,student
Neha Sharma,neha.sharma185@outlook.com,student
Vikram Mehta,vikram.mehta186@yahoo.com,student
Aarav Mehta,aarav.mehta187@hotmail.com,student
Rahul Verma,rahul.verma188@outlook.com,student
Nikhil Chopra,nikhil.chopra189@yahoo.com,student
Neha Nair,neha.nair190@gmail.com,student
Rahul Patel,rahul.patel191@gmail.com,student
Karthik Kumar,karthik.kumar192@gmail.com,student
Amit Sharma,amit.sharma193@outlook.com,student
Pooja Chopra,pooja.chopra194@yahoo.com,student
Rahul Das,rahul.das195@yahoo.com,student
Isha Kumar,isha.kumar196@outlook.com,student
Meena Iyer,meena.iyer197@outlook.com,student
Isha Chopra,isha.chopra198@yahoo.com,student
Ananya Joshi,ananya.joshi199@hotmail.com,student
Nikhil Iyer,nikhil.iyer200@gmail.com,student
Manoj Malhotra,manoj.malhotra201@yahoo.com,student
Rahul Sharma,rahul.sharma202@gmail.com,student
Karthik Chopra,karthik.chopra203@outlook.com,student
Priya Kumar,priya.kumar204@hotmail.com,student
Swati Sharma,swati.sharma205@gmail.com,student
Swati Chopra,swati.chopra206@yahoo.com,student
Meena Patel,meena.patel207@gmail.com,student
Suresh Malhotra,suresh.malhotra208@gmail.com,student
Nikhil Agarwal,nikhil.agarwal209@gmail.com,student
Nikhil Reddy,nikhil.reddy210@hotmail.com,student
Arjun Malhotra,arjun.malhotra211@gmail.com,student
Arjun Gupta,arjun.gupta212@yahoo.com,student
Neha Singh,neha.singh213@hotmail.com,student
Meena Joshi,meena.joshi214@hotmail.com,student
Rahul Verma,rahul.verma215@outlook.com,student
Ananya Das,ananya.das216@yahoo.com,student
Rahul Das,rahul.das217@yahoo.com,student
Rohan Patel,rohan.patel218@outlook.com,student
Isha Das,isha.das219@yahoo.com,student
Aarav Verma,aarav.verma220@gmail.com,student
Meena Patel,meena.patel221@gmail.com,student
Vikram Chopra,vikram.chopra222@hotmail.com,student
Pooja Singh,pooja.singh223@outlook.com,student
Suresh Verma,suresh.verma224@hotmail.com,student
Priya Agarwal,priya.agarwal225@yahoo.com,student
Pooja Reddy,pooja.reddy226@hotmail.com,student
Aarav Patel,aarav.patel227@hotmail.com,student
Rahul Joshi,rahul.joshi228@hotmail.com,student
Arjun Kumar,arjun.kumar229@yahoo.com,student
Vikram Reddy,vikram.reddy230@gmail.com,student
Karthik Singh,karthik.singh231@outlook.com,student
Kavya Iyer,kavya.iyer232@outlook.com,student
Priya Singh,priya.singh233@outlook.com,student
Neha Verma,neha.verma234@hotmail.com,student
Amit Sharma,amit.sharma235@yahoo.com,student
Aarav Verma,aarav.verma236@hotmail.com,student
Amit Patel,amit.patel237@yahoo.com,student
Divya Mehta,divya.mehta238@hotmail.com,student
Rohan Reddy,rohan.reddy239@outlook.com,student
Aarav Mehta,aarav.mehta240@outlook.com,student
Amit Reddy,amit.reddy241@yahoo.com,student
Aarav Agarwal,aarav.agarwal242@outlook.com,student
Arjun Mehta,arjun.mehta243@gmail.com,student
Amit Kumar,amit.kumar244@gmail.com,student
Kavya Agarwal,kavya.agarwal245@hotmail.com,student
Arjun Joshi,arjun.joshi246@gmail.com,student
Arjun Reddy,arjun.reddy247@gmail.com,student
Pooja Chopra,pooja.chopra248@yahoo.com,student
Neha Patel,neha.patel249@hotmail.com,student
Nikhil Mehta,nikhil.mehta250@yahoo.com,student
Kavya Malhotra,kavya.malhotra251@hotmail.com,student
Aarav Malhotra,aarav.malhotra252@hotmail.com,student
Swati Nair,swati.nair253@yahoo.com,student
Rahul Sharma,rahul.sharma254@hotmail.com,student
Suresh Das,suresh.das255@yahoo.com,student
Pooja Verma,pooja.verma256@gmail.com,student
Swati Iyer,swati.iyer257@yahoo.com,student
Meena Kumar,meena.kumar258@outlook.com,student
Pooja Patel,pooja.patel259@outlook.com,student
Arjun Kumar,arjun.kumar260@yahoo.com,student
Pooja Verma,pooja.verma261@hotmail.com,student
Priya Iyer,priya.iyer262@yahoo.com,student
Rahul Gupta,rahul.gupta263@hotmail.com,student
Swati Gupta,swati.gupta264@hotmail.com,student
Rohan Malhotra,rohan.malhotra265@hotmail.com,student
Divya Iyer,divya.iyer266@yahoo.com,student
Neha Reddy,neha.reddy267@yahoo.com,student
Rohan Nair,rohan.nair268@gmail.com,student
Rohan Gupta,rohan.gupta269@outlook.com,student
Arjun Malhotra,arjun.malhotra270@yahoo.com,student
Aarav Singh,aarav.singh271@hotmail.com,student
Amit Kumar,amit.kumar272@yahoo.com,student
Amit Patel,amit.patel273@outlook.com,student
Ananya Verma,ananya.verma274@outlook.com,student
Manoj Mehta,manoj.mehta275@yahoo.com,student
Nikhil Nair,nikhil.nair276@yahoo.com,student
Rahul Patel,rahul.patel277@yahoo.com,student
Amit Kumar,amit.kumar278@hotmail.com,student
Divya Patel,divya.patel279@gmail.com,student
Karthik Sharma,karthik.sharma280@hotmail.com,student
Meena Das,meena.das281@hotmail.com,student
Aarav Reddy,aarav.reddy282@hotmail.com,student
Nikhil Joshi,nikhil.joshi283@hotmail.com,student
Suresh Gupta,suresh.gupta284@gmail.com,student
Neha Iyer,neha.iyer285@yahoo.com,student
Nikhil Chopra,nikhil.chopra286@gmail.com,student
Suresh Reddy,suresh.reddy287@gmail.com,student
Aarav Malhotra,aarav.malhotra288@yahoo.com,student
Neha Das,neha.das289@gmail.com,student
Pooja Iyer,pooja.iyer290@outlook.com,student
Nikhil Chopra,nikhil.chopra291@hotmail.com,student
Priya Reddy,priya.reddy292@gmail.com,student
Pooja Nair,pooja.nair293@yahoo.com,student
Amit Patel,amit.patel294@yahoo.com,student
Isha Sharma,isha.sharma295@gmail.com,student
Swati Patel,swati.patel296@hotmail.com,student
Arjun Mehta,arjun.mehta297@yahoo.com,student
Meena Nair,meena.nair298@yahoo.com,student
Swati Gupta,swati.gupta299@gmail.com,student
Divya Singh,divya.singh300@outlook.com,student
Ananya Sharma,ananya.sharma301@yahoo.com,student
Meena Agarwal,meena.agarwal302@hotmail.com,student
Rahul Patel,rahul.patel303@yahoo.com,student
Divya Agarwal,divya.agarwal304@outlook.com,student
Neha Verma,neha.verma305@gmail.com,student
Rohan Singh,rohan.singh306@hotmail.com,student
Kavya Chopra,kavya.chopra307@hotmail.com,student
Vikram Sharma,vikram.sharma308@outlook.com,student
Nikhil Reddy,nikhil.reddy309@yahoo.com,student
Meena Gupta,meena.gupta310@outlook.com,student
Vikram Gupta,vikram.gupta311@hotmail.com,student
Neha Patel,neha.patel312@outlook.com,student
Priya Das,priya.das313@hotmail.com,student
Isha Iyer,isha.iyer314@yahoo.com,student
Meena Kumar,meena.kumar315@gmail.com,student
Isha Iyer,isha.iyer316@hotmail.com,student
Ananya Gupta,ananya.gupta317@gmail.com,student
Isha Iyer,isha.iyer318@hotmail.com,student
Ananya Singh,ananya.singh319@gmail.com,student
Sneha Kumar,sneha.kumar320@hotmail.com,student
Rohan Singh,rohan.singh321@gmail.com,student
Rahul Agarwal,rahul.agarwal322@yahoo.com,student
Rohan Gupta,rohan.gupta323@yahoo.com,student
Nikhil Singh,nikhil.singh324@hotmail.com,student
Ananya Patel,ananya.patel325@hotmail.com,student
Kavya Mehta,kavya.mehta326@hotmail.com,student
Sneha Reddy,sneha.reddy327@gmail.com,student
Rahul Patel,rahul.patel328@gmail.com,student
Kavya Kumar,kavya.kumar329@gmail.com,student
Swati Malhotra,swati.malhotra330@yahoo.com,student
Amit Mehta,amit.mehta331@outlook.com,student
Divya Reddy,divya.reddy332@gmail.com,student
Meena Gupta,meena.gupta333@outlook.com,student
Swati Agarwal,swati.agarwal334@hotmail.com,student
Vikram Mehta,vikram.mehta335@outlook.com,student
Meena Sharma,meena.sharma336@hotmail.com,student
Neha Malhotra,neha.malhotra337@hotmail.com,student
Ananya Kumar,ananya.kumar338@gmail.com,student
Suresh Reddy,suresh.reddy339@gmail.com,student
Arjun Gupta,arjun.gupta340@gmail.com,student
Isha Mehta,isha.mehta341@outlook.com,student
Arjun Mehta,arjun.mehta342@gmail.com,student
Arjun Singh,arjun.singh343@outlook.com,student
Arjun Patel,arjun.patel344@gmail.com,student
Isha Agarwal,isha.agarwal345@gmail.com,student
Aarav Joshi,aarav.joshi346@yahoo.com,student
Priya Verma,priya.verma347@hotmail.com,student
Amit Malhotra,amit.malhotra348@outlook.com,student
Divya Joshi,divya.joshi349@hotmail.com,student
Karthik Agarwal,karthik.agarwal350@hotmail.com,student
Sneha Sharma,sneha.sharma351@outlook.com,student
Karthik Das,karthik.das352@yahoo.com,student
Rohan Joshi,rohan.joshi353@outlook.com,student
Suresh Mehta,suresh.mehta354@gmail.com,student
Nikhil Gupta,nikhil.gupta355@hotmail.com,student
Sneha Gupta,sneha.gupta356@hotmail.com,student
Rahul Chopra,rahul.chopra357@gmail.com,student
Meena Nair,meena.nair358@outlook.com,student
Sneha Kumar,sneha.kumar359@gmail.com,student
Rahul Patel,rahul.patel360@gmail.com,student
Vikram Reddy,vikram.reddy361@hotmail.com,student
Meena Singh,meena.singh362@hotmail.com,student
Sneha Gupta,sneha.gupta363@yahoo.com,student
Divya Verma,divya.verma364@yahoo.com,student
Swati Joshi,swati.joshi365@gmail.com,student
Pooja Patel,pooja.patel366@outlook.com,student
Manoj Patel,manoj.patel367@outlook.com,student
Arjun Singh,arjun.singh368@outlook.com,student
Vikram Verma,vikram.verma369@yahoo.com,student
Sneha Gupta,sneha.gupta370@yahoo.com,student
Karthik Patel,karthik.patel371@yahoo.com,student
Rohan Reddy,rohan.reddy372@hotmail.com,student
Arjun Gupta,arjun.gupta373@yahoo.com,student
Priya Chopra,priya.chopra374@hotmail.com,student
Ananya Reddy,ananya.reddy375@gmail.com,student
Meena Agarwal,meena.agarwal376@yahoo.com,student
Suresh Agarwal,suresh.agarwal377@outlook.com,student
Ananya Agarwal,ananya.agarwal378@outlook.com,student
Neha Reddy,neha.reddy379@gmail.com,student
Vikram Das,vikram.das380@yahoo.com,student
Rahul Mehta,rahul.mehta381@yahoo.com,student
Suresh Das,suresh.das382@outlook.com,student
Aarav Reddy,aarav.reddy383@outlook.com,student
Vikram Sharma,vikram.sharma384@outlook.com,student
Rohan Iyer,rohan.iyer385@gmail.com,student
Vikram Patel,vikram.patel386@gmail.com,student
Isha Singh,isha.singh387@yahoo.com,student
Aarav Joshi,aarav.joshi388@outlook.com,student
Divya Chopra,divya.chopra389@outlook.com,student
Sneha Das,sneha.das390@outlook.com,student
Rahul Gupta,rahul.gupta391@gmail.com,student
Meena Nair,meena.nair392@hotmail.com,student
Rahul Kumar,rahul.kumar393@gmail.com,student
Amit Chopra,amit.chopra394@yahoo.com,student
Swati Reddy,swati.reddy395@yahoo.com,student
Amit Singh,amit.singh396@outlook.com,student
Divya Patel,divya.patel397@outlook.com,student
Divya Sharma,divya.sharma398@outlook.com,student
Manoj Agarwal,manoj.agarwal399@outlook.com,student
Divya Kumar,divya.kumar400@gmail.com,student
Kavya Chopra,kavya.chopra401@yahoo.com,student
Amit Singh,amit.singh402@hotmail.com,student
Vikram Sharma,vikram.sharma403@hotmail.com,student
Sneha Kumar,sneha.kumar404@gmail.com,student
Rahul Kumar,rahul.kumar405@outlook.com,student
Suresh Malhotra,suresh.malhotra406@yahoo.com,student
Karthik Sharma,karthik.sharma407@gmail.com,student
Swati Iyer,swati.iyer408@hotmail.com,student
Rahul Das,rahul.das409@outlook.com,student
Nikhil Iyer,nikhil.iyer410@yahoo.com,student
Kavya Patel,kavya.patel411@yahoo.com,student
Nikhil Iyer,nikhil.iyer412@gmail.com,student
Priya Kumar,priya.kumar413@hotmail.com,student
Vikram Patel,vikram.patel414@yahoo.com,student
Ananya Agarwal,ananya.agarwal415@hotmail.com,student
Rohan Sharma,rohan.sharma416@hotmail.com,student
Rahul Agarwal,rahul.agarwal417@yahoo.com,student
Neha Das,neha.das418@hotmail.com,student
Isha Joshi,isha.joshi419@yahoo.com,student
Meena Iyer,meena.iyer420@yahoo.com,student
Ananya Kumar,ananya.kumar421@yahoo.com,student
Amit Mehta,amit.mehta422@gmail.com,student
Karthik Gupta,karthik.gupta423@yahoo.com,student
Ananya Agarwal,ananya.agarwal424@gmail.com,student
Rohan Reddy,rohan.reddy425@hotmail.com,student
Isha Verma,isha.verma426@outlook.com,student
Divya Patel,divya.patel427@yahoo.com,student
Divya Kumar,divya.kumar428@outlook.com,student
Suresh Nair,suresh.nair429@hotmail.com,student
Sneha Sharma,sneha.sharma430@gmail.com,student
Isha Verma,isha.verma431@hotmail.com,student
Neha Verma,neha.verma432@hotmail.com,student
Sneha Malhotra,sneha.malhotra433@hotmail.com,student
Amit Reddy,amit.reddy434@gmail.com,student
Karthik Mehta,karthik.mehta435@hotmail.com,student
Kavya Reddy,kavya.reddy436@hotmail.com,student
Nikhil Nair,nikhil.nair437@gmail.com,student
Ananya Chopra,ananya.chopra438@yahoo.com,student
Rahul Agarwal,rahul.agarwal439@outlook.com,student
Nikhil Reddy,nikhil.reddy440@gmail.com,student
Nikhil Agarwal,nikhil.agarwal441@hotmail.com,student
Karthik Sharma,karthik.sharma442@gmail.com,student
Isha Singh,isha.singh443@gmail.com,student
Vikram Iyer,vikram.iyer444@hotmail.com,student
Pooja Malhotra,pooja.malhotra445@yahoo.com,student
Neha Reddy,neha.reddy446@outlook.com,student
Isha Malhotra,isha.malhotra447@outlook.com,student
Sneha Mehta,sneha.mehta448@outlook.com,student
Suresh Iyer,suresh.iyer449@outlook.com,student
Nikhil Agarwal,nikhil.agarwal450@hotmail.com,student
Vikram Das,vikram.das451@outlook.com,student
Isha Nair,isha.nair452@yahoo.com,student
Rohan Mehta,rohan.mehta453@gmail.com,student
Vikram Iyer,vikram.iyer454@hotmail.com,student
Sneha Chopra,sneha.chopra455@outlook.com,student
Rohan Agarwal,rohan.agarwal456@hotmail.com,student
Sneha Malhotra,sneha.malhotra457@outlook.com,student
Priya Malhotra,priya.malhotra458@gmail.com,student
Kavya Joshi,kavya.joshi459@hotmail.com,student
Swati Nair,swati.nair460@gmail.com,student
Arjun Nair,arjun.nair461@hotmail.com,student
Kavya Patel,kavya.patel462@hotmail.com,student
Kavya Das,kavya.das463@yahoo.com,student
Kavya Mehta,kavya.mehta464@gmail.com,student
Suresh Gupta,suresh.gupta465@yahoo.com,student
Isha Singh,isha.singh466@gmail.com,student
Pooja Joshi,pooja.joshi467@outlook.com,student
Pooja Chopra,pooja.chopra468@outlook.com,student
Aarav Singh,aarav.singh469@gmail.com,student
Neha Iyer,neha.iyer470@outlook.com,student
Isha Chopra,isha.chopra471@hotmail.com,student
Divya Nair,divya.nair472@outlook.com,student
Ananya Iyer,ananya.iyer473@hotmail.com,student
Neha Das,neha.das474@gmail.com,student
Aarav Sharma,aarav.sharma475@gmail.com,student
Manoj Mehta,manoj.mehta476@outlook.com,student
Priya Nair,priya.nair477@outlook.com,student
Swati Gupta,swati.gupta478@hotmail.com,student
Manoj Patel,manoj.patel479@yahoo.com,student
Vikram Mehta,vikram.mehta480@hotmail.com,student
Sneha Iyer,sneha.iyer481@gmail.com,student
Neha Singh,neha.singh482@yahoo.com,student
Suresh Reddy,suresh.reddy483@gmail.com,student
Karthik Joshi,karthik.joshi484@outlook.com,student
Amit Malhotra,amit.malhotra485@outlook.com,student
Aarav Sharma,aarav.sharma486@outlook.com,student
Isha Chopra,isha.chopra487@hotmail.com,student
Isha Agarwal,isha.agarwal488@hotmail.com,student
Neha Iyer,neha.iyer489@gmail.com,student
Ananya Sharma,ananya.sharma490@gmail.com,student
Amit Iyer,amit.iyer491@yahoo.com,student
Sneha Sharma,sneha.sharma492@gmail.com,student
Aarav Das,aarav.das493@yahoo.com,student
Karthik Kumar,karthik.kumar494@yahoo.com,student
Nikhil Das,nikhil.das495@hotmail.com,student
Isha Iyer,isha.iyer496@outlook.com,student
Rahul Patel,rahul.patel497@gmail.com,student
Meena Singh,meena.singh498@gmail.com,student
Amit Joshi,amit.joshi499@hotmail.com,student
Suresh Reddy,suresh.reddy500@hotmail.com,student
Sneha Gupta,sneha.gupta501@gmail.com,student
Arjun Gupta,arjun.gupta502@gmail.com,student
Priya Mehta,priya.mehta503@outlook.com,student
Ananya Patel,ananya.patel504@hotmail.com,student
Nikhil Patel,nikhil.patel505@outlook.com,student
Vikram Reddy,vikram.reddy506@gmail.com,student
Sneha Patel,sneha.patel507@yahoo.com,student
Vikram Iyer,vikram.iyer508@outlook.com,student
Vikram Agarwal,vikram.agarwal509@hotmail.com,student
Rohan Das,rohan.das510@yahoo.com,student
Amit Agarwal,amit.agarwal511@hotmail.com,student
Meena Joshi,meena.joshi512@gmail.com,student
Aarav Kumar,aarav.kumar513@yahoo.com,student
Manoj Agarwal,manoj.agarwal514@outlook.com,student
Vikram Kumar,vikram.kumar515@gmail.com,student
Manoj Agarwal,manoj.agarwal516@yahoo.com,student
Karthik Sharma,karthik.sharma517@gmail.com,student
Priya Reddy,priya.reddy518@yahoo.com,student
Kavya Iyer,kavya.iyer519@gmail.com,student
Aarav Sharma,aarav.sharma520@yahoo.com,student
Ananya Singh,ananya.singh521@gmail.com,student
Ananya Reddy,ananya.reddy522@outlook.com,student
Vikram Joshi,vikram.joshi523@gmail.com,student
Amit Reddy,amit.reddy524@yahoo.com,student
Vikram Gupta,vikram.gupta525@gmail.com,student
Ananya Sharma,ananya.sharma526@gmail.com,student
Pooja Verma,pooja.verma527@gmail.com,student
Karthik Reddy,karthik.reddy528@yahoo.com,student
Pooja Mehta,pooja.mehta529@outlook.com,student
Divya Patel,divya.patel530@gmail.com,student
Kavya Patel,kavya.patel531@outlook.com,student
Ananya Singh,ananya.singh532@outlook.com,student
Rohan Malhotra,rohan.malhotra533@hotmail.com,student
Pooja Das,pooja.das534@gmail.com,student
Divya Sharma,divya.sharma535@hotmail.com,student
Nikhil Malhotra,nikhil.malhotra536@gmail.com,student
Kavya Verma,kavya.verma537@gmail.com,student
Swati Das,swati.das538@yahoo.com,student
Rahul Das,rahul.das539@outlook.com,student
Sneha Kumar,sneha.kumar540@gmail.com,student
Nikhil Gupta,nikhil.gupta541@outlook.com,student
Ananya Sharma,ananya.sharma542@outlook.com,student
Meena Reddy,meena.reddy543@hotmail.com,student
Sneha Verma,sneha.verma544@outlook.com,student
Nikhil Patel,nikhil.patel545@yahoo.com,student
Pooja Joshi,pooja.joshi546@yahoo.com,student
Neha Verma,neha.verma547@yahoo.com,student
Priya Chopra,priya.chopra548@gmail.com,student
Meena Malhotra,meena.malhotra549@gmail.com,student
Rohan Mehta,rohan.mehta550@gmail.com,student
Amit Agarwal,amit.agarwal551@hotmail.com,student
Rahul Kumar,rahul.kumar552@gmail.com,student
Kavya Gupta,kavya.gupta553@outlook.com,student
Arjun Kumar,arjun.kumar554@yahoo.com,student
Amit Agarwal,amit.agarwal555@yahoo.com,student
Suresh Iyer,suresh.iyer556@gmail.com,student
Kavya Das,kavya.das557@outlook.com,student
Nikhil Iyer,nikhil.iyer558@hotmail.com,student
Swati Singh,swati.singh559@outlook.com,student
Sneha Verma,sneha.verma560@hotmail.com,student
Arjun Das,arjun.das561@yahoo.com,student
Karthik Mehta,karthik.mehta562@hotmail.com,student
Neha Nair,neha.nair563@yahoo.com,student
Arjun Patel,arjun.patel564@yahoo.com,student
Karthik Gupta,karthik.gupta565@outlook.com,student
Isha Nair,isha.nair566@outlook.com,student
Sneha Gupta,sneha.gupta567@outlook.com,student
Vikram Patel,vikram.patel568@gmail.com,student
Sneha Chopra,sneha.chopra569@gmail.com,student
Vikram Kumar,vikram.kumar570@yahoo.com,student
Karthik Malhotra,karthik.malhotra571@outlook.com,student
Pooja Kumar,pooja.kumar572@outlook.com,student
Vikram Reddy,vikram.reddy573@gmail.com,student
Arjun Gupta,arjun.gupta574@hotmail.com,student
Suresh Sharma,suresh.sharma575@gmail.com,student
Amit Joshi,amit.joshi576@hotmail.com,student
Neha Nair,neha.nair577@outlook.com,student
Suresh Sharma,suresh.sharma578@yahoo.com,student
Arjun Das,arjun.das579@hotmail.com,student
Aarav Singh,aarav.singh580@yahoo.com,student
Divya Singh,divya.singh581@hotmail.com,student
Neha Chopra,neha.chopra582@yahoo.com,student
Sneha Chopra,sneha.chopra583@gmail.com,student
Suresh Kumar,suresh.kumar584@outlook.com,student
Arjun Chopra,arjun.chopra585@gmail.com,student
Divya Gupta,divya.gupta586@hotmail.com,student
Sneha Patel,sneha.patel587@hotmail.com,student
Meena Verma,meena.verma588@gmail.com,student
Isha Joshi,isha.joshi589@hotmail.com,student
Nikhil Chopra,nikhil.chopra590@yahoo.com,student
Rohan Malhotra,rohan.malhotra591@gmail.com,student
Amit Joshi,amit.joshi592@hotmail.com,student
Priya Sharma,priya.sharma593@outlook.com,student
Swati Gupta,swati.gupta594@yahoo.com,student
Vikram Nair,vikram.nair595@outlook.com,student
Priya Joshi,priya.joshi596@hotmail.com,student
Swati Gupta,swati.gupta597@hotmail.com,student
Nikhil Sharma,nikhil.sharma598@outlook.com,student
Nikhil Mehta,nikhil.mehta599@hotmail.com,student
Suresh Gupta,suresh.gupta600@yahoo.com,student
Amit Nair,amit.nair601@gmail.com,student
Isha Mehta,isha.mehta602@gmail.com,student
Arjun Patel,arjun.patel603@hotmail.com,student
Amit Sharma,amit.sharma604@gmail.com,student
Rahul Kumar,rahul.kumar605@hotmail.com,student
Kavya Das,kavya.das606@outlook.com,student
Priya Gupta,priya.gupta607@outlook.com,student
Amit Nair,amit.nair608@yahoo.com,student
Amit Verma,amit.verma609@yahoo.com,student
Sneha Iyer,sneha.iyer610@gmail.com,student
Vikram Verma,vikram.verma611@yahoo.com,student
Karthik Mehta,karthik.mehta612@hotmail.com,student
Suresh Patel,suresh.patel613@yahoo.com,student
Meena Mehta,meena.mehta614@yahoo.com,student
Arjun Singh,arjun.singh615@hotmail.com,student
Arjun Kumar,arjun.kumar616@yahoo.com,student
Meena Sharma,meena.sharma617@outlook.com,student
Kavya Gupta,kavya.gupta618@outlook.com,student
Rohan Verma,rohan.verma619@hotmail.com,student
Divya Das,divya.das620@gmail.com,student
Kavya Iyer,kavya.iyer621@outlook.com,student
Amit Sharma,amit.sharma622@gmail.com,student
Manoj Agarwal,manoj.agarwal623@outlook.com,student
Karthik Nair,karthik.nair624@outlook.com,student
Manoj Sharma,manoj.sharma625@gmail.com,student
Vikram Reddy,vikram.reddy626@outlook.com,student
Arjun Das,arjun.das627@gmail.com,student
Manoj Iyer,manoj.iyer628@yahoo.com,student
Sneha Malhotra,sneha.malhotra629@hotmail.com,student
Kavya Malhotra,kavya.malhotra630@yahoo.com,student
Vikram Agarwal,vikram.agarwal631@hotmail.com,student
Swati Iyer,swati.iyer632@gmail.com,student
Swati Malhotra,swati.malhotra633@outlook.com,student
Vikram Verma,vikram.verma634@yahoo.com,student
Nikhil Reddy,nikhil.reddy635@hotmail.com,student
Priya Nair,priya.nair636@gmail.com,student
Arjun Kumar,arjun.kumar637@yahoo.com,student
Karthik Verma,karthik.verma638@hotmail.com,student
Swati Sharma,swati.sharma639@hotmail.com,student
Suresh Agarwal,suresh.agarwal640@yahoo.com,student
Meena Gupta,meena.gupta641@hotmail.com,student
Sneha Nair,sneha.nair642@gmail.com,student
Sneha Joshi,sneha.joshi643@outlook.com,student
Suresh Singh,suresh.singh644@hotmail.com,student
Pooja Joshi,pooja.joshi645@hotmail.com,student
Kavya Kumar,kavya.kumar646@hotmail.com,student
Rahul Iyer,rahul.iyer647@outlook.com,student
Aarav Sharma,aarav.sharma648@gmail.com,student
Rohan Malhotra,rohan.malhotra649@gmail.com,student
Nikhil Verma,nikhil.verma650@hotmail.com,student
Karthik Sharma,karthik.sharma651@yahoo.com,student
Divya Chopra,divya.chopra652@yahoo.com,student
Rohan Reddy,rohan.reddy653@outlook.com,student
Rohan Verma,rohan.verma654@yahoo.com,student
Pooja Kumar,pooja.kumar655@outlook.com,student
Divya Patel,divya.patel656@gmail.com,student
Pooja Patel,pooja.patel657@outlook.com,student
Meena Kumar,meena.kumar658@outlook.com,student
Nikhil Patel,nikhil.patel659@outlook.com,student
Vikram Chopra,vikram.chopra660@hotmail.com,student
Priya Mehta,priya.mehta661@yahoo.com,student
Rohan Singh,rohan.singh662@outlook.com,student
Karthik Das,karthik.das663@gmail.com,student
Ananya Kumar,ananya.kumar664@hotmail.com,student
Swati Das,swati.das665@gmail.com,student
Amit Patel,amit.patel666@gmail.com,student
Aarav Sharma,aarav.sharma667@yahoo.com,student
Meena Das,meena.das668@gmail.com,student
Nikhil Agarwal,nikhil.agarwal669@hotmail.com,student
Isha Iyer,isha.iyer670@gmail.com,student
Vikram Sharma,vikram.sharma671@hotmail.com,student
Sneha Reddy,sneha.reddy672@yahoo.com,student
Ananya Kumar,ananya.kumar673@gmail.com,student
Aarav Mehta,aarav.mehta674@yahoo.com,student
Pooja Nair,pooja.nair675@outlook.com,student
Pooja Iyer,pooja.iyer676@hotmail.com,student
Ananya Mehta,ananya.mehta677@gmail.com,student
Divya Das,divya.das678@gmail.com,student
Meena Das,meena.das679@gmail.com,student
Priya Malhotra,priya.malhotra680@hotmail.com,student
Manoj Singh,manoj.singh681@hotmail.com,student
Suresh Reddy,suresh.reddy682@gmail.com,student
Amit Das,amit.das683@yahoo.com,student
Meena Malhotra,meena.malhotra684@hotmail.com,student
Swati Reddy,swati.reddy685@gmail.com,student
Meena Gupta,meena.gupta686@yahoo.com,student
Aarav Kumar,aarav.kumar687@gmail.com,student
Aarav Chopra,aarav.chopra688@gmail.com,student
Rahul Gupta,rahul.gupta689@gmail.com,student
Karthik Verma,karthik.verma690@gmail.com,student
Arjun Singh,arjun.singh691@yahoo.com,student
Suresh Singh,suresh.singh692@yahoo.com,student
Ananya Mehta,ananya.mehta693@yahoo.com,student
Rahul Patel,rahul.patel694@hotmail.com,student
Suresh Chopra,suresh.chopra695@outlook.com,student
Ananya Singh,ananya.singh696@gmail.com,student
Aarav Sharma,aarav.sharma697@gmail.com,student
Isha Reddy,isha.reddy698@hotmail.com,student
Pooja Patel,pooja.patel699@yahoo.com,student
Meena Das,meena.das700@gmail.com,student
Rohan Mehta,rohan.mehta701@hotmail.com,student
Meena Chopra,meena.chopra702@yahoo.com,student
Karthik Malhotra,karthik.malhotra703@gmail.com,student
Kavya Chopra,kavya.chopra704@yahoo.com,student
Divya Verma,divya.verma705@hotmail.com,student
Suresh Patel,suresh.patel706@outlook.com,student
Pooja Patel,pooja.patel707@gmail.com,student
Isha Chopra,isha.chopra708@outlook.com,student
Isha Singh,isha.singh709@gmail.com,student
Karthik Das,karthik.das710@outlook.com,student
Manoj Kumar,manoj.kumar711@yahoo.com,student
Amit Kumar,amit.kumar712@hotmail.com,student
Isha Malhotra,isha.malhotra713@yahoo.com,student
Suresh Patel,suresh.patel714@gmail.com,student
Rohan Patel,rohan.patel715@outlook.com,student
Divya Iyer,divya.iyer716@gmail.com,student
Pooja Joshi,pooja.joshi717@yahoo.com,student
Manoj Iyer,manoj.iyer718@outlook.com,student
Swati Chopra,swati.chopra719@hotmail.com,student
Kavya Nair,kavya.nair720@gmail.com,student
Swati Nair,swati.nair721@hotmail.com,student
Amit Gupta,amit.gupta722@yahoo.com,student
Pooja Das,pooja.das723@gmail.com,student
Amit Verma,amit.verma724@yahoo.com,student
Arjun Das,arjun.das725@gmail.com,student
Amit Verma,amit.verma726@gmail.com,student
Swati Malhotra,swati.malhotra727@outlook.com,student
Rahul Gupta,rahul.gupta728@hotmail.com,student
Manoj Nair,manoj.nair729@outlook.com,student
Nikhil Mehta,nikhil.mehta730@hotmail.com,student
Nikhil Das,nikhil.das731@yahoo.com,student
Vikram Gupta,vikram.gupta732@yahoo.com,student
Rahul Iyer,rahul.iyer733@outlook.com,student
Kavya Das,kavya.das734@outlook.com,student
Amit Malhotra,amit.malhotra735@yahoo.com,student
Neha Sharma,neha.sharma736@hotmail.com,student
Kavya Joshi,kavya.joshi737@gmail.com,student
Kavya Chopra,kavya.chopra738@hotmail.com,student
Rahul Iyer,rahul.iyer739@outlook.com,student
Isha Sharma,isha.sharma740@outlook.com,student
Arjun Nair,arjun.nair741@gmail.com,student
Priya Sharma,priya.sharma742@yahoo.com,student
Manoj Verma,manoj.verma743@yahoo.com,student
Arjun Agarwal,arjun.agarwal744@outlook.com,student
Divya Reddy,divya.reddy745@hotmail.com,student
Manoj Joshi,manoj.joshi746@yahoo.com,student
Arjun Joshi,arjun.joshi747@gmail.com,student
Rohan Gupta,rohan.gupta748@yahoo.com,student
Amit Reddy,amit.reddy749@gmail.com,student
Ananya Sharma,ananya.sharma750@outlook.com,student
Suresh Verma,suresh.verma751@gmail.com,student
Isha Chopra,isha.chopra752@hotmail.com,student
Priya Singh,priya.singh753@gmail.com,student
Arjun Mehta,arjun.mehta754@yahoo.com,student
Rahul Agarwal,rahul.agarwal755@hotmail.com,student
Sneha Verma,sneha.verma756@yahoo.com,student
Kavya Gupta,kavya.gupta757@yahoo.com,student
Sneha Sharma,sneha.sharma758@outlook.com,student
Kavya Sharma,kavya.sharma759@gmail.com,student
Ananya Patel,ananya.patel760@hotmail.com,student
Ananya Reddy,ananya.reddy761@yahoo.com,student
Rohan Malhotra,rohan.malhotra762@gmail.com,student
Vikram Chopra,vikram.chopra763@outlook.com,student
Manoj Das,manoj.das764@hotmail.com,student
Priya Verma,priya.verma765@outlook.com,student
Kavya Patel,kavya.patel766@hotmail.com,student
Priya Mehta,priya.mehta767@hotmail.com,student
Amit Iyer,amit.iyer768@hotmail.com,student
Neha Malhotra,neha.malhotra769@yahoo.com,student
Aarav Verma,aarav.verma770@yahoo.com,student
Ananya Iyer,ananya.iyer771@yahoo.com,student
Rahul Agarwal,rahul.agarwal772@outlook.com,student
Karthik Malhotra,karthik.malhotra773@hotmail.com,student
Priya Agarwal,priya.agarwal774@hotmail.com,student
Aarav Chopra,aarav.chopra775@gmail.com,student
Suresh Mehta,suresh.mehta776@outlook.com,student
Neha Verma,neha.verma777@gmail.com,student
Kavya Iyer,kavya.iyer778@outlook.com,student
Neha Singh,neha.singh779@gmail.com,student
Sneha Singh,sneha.singh780@hotmail.com,student
Swati Agarwal,swati.agarwal781@yahoo.com,student
Suresh Joshi,suresh.joshi782@yahoo.com,student
Arjun Kumar,arjun.kumar783@hotmail.com,student
Neha Iyer,neha.iyer784@gmail.com,student
Arjun Das,arjun.das785@outlook.com,student
Rohan Malhotra,rohan.malhotra786@yahoo.com,student
Arjun Verma,arjun.verma787@gmail.com,student
Rohan Verma,rohan.verma788@hotmail.com,student
Priya Iyer,priya.iyer789@gmail.com,student
Vikram Nair,vikram.nair790@hotmail.com,student
Pooja Reddy,pooja.reddy791@outlook.com,student
Vikram Mehta,vikram.mehta792@hotmail.com,student
Arjun Gupta,arjun.gupta793@yahoo.com,student
Priya Kumar,priya.kumar794@outlook.com,student
Divya Agarwal,divya.agarwal795@yahoo.com,student
Ananya Joshi,ananya.joshi796@outlook.com,student
Karthik Chopra,karthik.chopra797@gmail.com,student
Suresh Malhotra,suresh.malhotra798@outlook.com,student
Nikhil Iyer,nikhil.iyer799@hotmail.com,student
Aarav Malhotra,aarav.malhotra800@outlook.com,student
Sneha Mehta,sneha.mehta801@hotmail.com,student
Ananya Agarwal,ananya.agarwal802@hotmail.com,student
Vikram Patel,vikram.patel803@yahoo.com,student
Karthik Joshi,karthik.joshi804@yahoo.com,student
Nikhil Malhotra,nikhil.malhotra805@yahoo.com,student
Sneha Gupta,sneha.gupta806@gmail.com,student
Rahul Agarwal,rahul.agarwal807@hotmail.com,student
Arjun Iyer,arjun.iyer808@yahoo.com,student
Karthik Das,karthik.das809@yahoo.com,student
Manoj Patel,manoj.patel810@yahoo.com,student
Aarav Reddy,aarav.reddy811@hotmail.com,student
Ananya Nair,ananya.nair812@outlook.com,student
Rohan Patel,rohan.patel813@hotmail.com,student
Rahul Sharma,rahul.sharma814@hotmail.com,student
Meena Iyer,meena.iyer815@outlook.com,student
Neha Iyer,neha.iyer816@outlook.com,student
Ananya Iyer,ananya.iyer817@outlook.com,student
Manoj Das,manoj.das818@gmail.com,student
Kavya Nair,kavya.nair819@hotmail.com,student
Nikhil Reddy,nikhil.reddy820@gmail.com,student
Kavya Singh,kavya.singh821@yahoo.com,student
Rohan Malhotra,rohan.malhotra822@hotmail.com,student
Manoj Malhotra,manoj.malhotra823@gmail.com,student
Pooja Joshi,pooja.joshi824@gmail.com,student
Meena Verma,meena.verma825@gmail.com,student
Nikhil Malhotra,nikhil.malhotra826@yahoo.com,student
Aarav Gupta,aarav.gupta827@gmail.com,student
Neha Das,neha.das828@yahoo.com,student
Sneha Reddy,sneha.reddy829@outlook.com,student
Arjun Nair,arjun.nair830@gmail.com,student
Aarav Reddy,aarav.reddy831@yahoo.com,student
Arjun Sharma,arjun.sharma832@hotmail.com,student
Nikhil Gupta,nikhil.gupta833@hotmail.com,student
Priya Mehta,priya.mehta834@gmail.com,student
Sneha Sharma,sneha.sharma835@outlook.com,student
Priya Verma,priya.verma836@hotmail.com,student
Manoj Nair,manoj.nair837@outlook.com,student
Priya Reddy,priya.reddy838@gmail.com,student
Amit Agarwal,amit.agarwal839@yahoo.com,student
Swati Das,swati.das840@yahoo.com,student
Neha Iyer,neha.iyer841@hotmail.com,student
Amit Iyer,amit.iyer842@gmail.com,student
Amit Singh,amit.singh843@hotmail.com,student
Isha Joshi,isha.joshi844@gmail.com,student
Amit Sharma,amit.sharma845@outlook.com,student
Rohan Kumar,rohan.kumar846@yahoo.com,student
Rohan Singh,rohan.singh847@hotmail.com,student
Manoj Malhotra,manoj.malhotra848@outlook.com,student
Amit Joshi,amit.joshi849@gmail.com,student
Rohan Nair,rohan.nair850@yahoo.com,student
Kavya Gupta,kavya.gupta851@hotmail.com,student
Aarav Mehta,aarav.mehta852@gmail.com,student
Nikhil Iyer,nikhil.iyer853@gmail.com,student
Rohan Kumar,rohan.kumar854@yahoo.com,student
Nikhil Chopra,nikhil.chopra855@gmail.com,student
Neha Iyer,neha.iyer856@hotmail.com,student
Amit Malhotra,amit.malhotra857@hotmail.com,student
Ananya Malhotra,ananya.malhotra858@gmail.com,student
Ananya Joshi,ananya.joshi859@outlook.com,student
Isha Patel,isha.patel860@gmail.com,student
Isha Reddy,isha.reddy861@outlook.com,student
Priya Nair,priya.nair862@gmail.com,student
Divya Gupta,divya.gupta863@gmail.com,student
Pooja Reddy,pooja.reddy864@outlook.com,student
Kavya Chopra,kavya.chopra865@yahoo.com,student
Priya Sharma,priya.sharma866@outlook.com,student
Rahul Verma,rahul.verma867@yahoo.com,student
Suresh Reddy,suresh.reddy868@yahoo.com,student
Pooja Agarwal,pooja.agarwal869@hotmail.com,student
Manoj Patel,manoj.patel870@outlook.com,student
Neha Singh,neha.singh871@gmail.com,student
Swati Patel,swati.patel872@hotmail.com,student
Isha Singh,isha.singh873@yahoo.com,student
Amit Gupta,amit.gupta874@outlook.com,student
Suresh Agarwal,suresh.agarwal875@outlook.com,student
Isha Verma,isha.verma876@hotmail.com,student
Pooja Sharma,pooja.sharma877@yahoo.com,student
Rohan Gupta,rohan.gupta878@yahoo.com,student
Nikhil Nair,nikhil.nair879@hotmail.com,student
Manoj Kumar,manoj.kumar880@gmail.com,student
Kavya Iyer,kavya.iyer881@yahoo.com,student
Rohan Nair,rohan.nair882@outlook.com,student
Meena Patel,meena.patel883@outlook.com,student
Vikram Patel,vikram.patel884@gmail.com,student
Aarav Iyer,aarav.iyer885@gmail.com,student
Isha Joshi,isha.joshi886@outlook.com,student
Suresh Chopra,suresh.chopra887@gmail.com,student
Nikhil Kumar,nikhil.kumar888@hotmail.com,student
Kavya Singh,kavya.singh889@gmail.com,student
Nikhil Gupta,nikhil.gupta890@yahoo.com,student
Divya Mehta,divya.mehta891@outlook.com,student
Karthik Chopra,karthik.chopra892@yahoo.com,student
Isha Das,isha.das893@outlook.com,student
Nikhil Reddy,nikhil.reddy894@hotmail.com,student
Arjun Malhotra,arjun.malhotra895@yahoo.com,student
Divya Joshi,divya.joshi896@gmail.com,student
Aarav Kumar,aarav.kumar897@gmail.com,student
Meena Kumar,meena.kumar898@yahoo.com,student
Divya Joshi,divya.joshi899@outlook.com,student
Isha Das,isha.das900@gmail.com,student
Amit Joshi,amit.joshi901@hotmail.com,student
Suresh Patel,suresh.patel902@outlook.com,student
Pooja Mehta,pooja.mehta903@hotmail.com,student
Nikhil Nair,nikhil.nair904@hotmail.com,student
Rohan Sharma,rohan.sharma905@hotmail.com,student
Amit Verma,amit.verma906@outlook.com,student
Sneha Nair,sneha.nair907@outlook.com,student
Karthik Kumar,karthik.kumar908@hotmail.com,student
Manoj Gupta,manoj.gupta909@gmail.com,student
Rohan Mehta,rohan.mehta910@yahoo.com,student
Rohan Gupta,rohan.gupta911@hotmail.com,student
Aarav Sharma,aarav.sharma912@gmail.com,student
Arjun Das,arjun.das913@hotmail.com,student
Pooja Agarwal,pooja.agarwal914@outlook.com,student
Swati Das,swati.das915@hotmail.com,student
Nikhil Joshi,nikhil.joshi916@hotmail.com,student
Amit Verma,amit.verma917@outlook.com,student
Ananya Das,ananya.das918@outlook.com,student
Suresh Sharma,suresh.sharma919@gmail.com,student
Nikhil Gupta,nikhil.gupta920@gmail.com,student
Divya Mehta,divya.mehta921@hotmail.com,student
Swati Agarwal,swati.agarwal922@yahoo.com,student
Vikram Kumar,vikram.kumar923@hotmail.com,student
Amit Verma,amit.verma924@outlook.com,student
Nikhil Singh,nikhil.singh925@gmail.com,student
Sneha Mehta,sneha.mehta926@outlook.com,student
Kavya Reddy,kavya.reddy927@outlook.com,student
Nikhil Iyer,nikhil.iyer928@gmail.com,student
Pooja Singh,pooja.singh929@outlook.com,student
Nikhil Agarwal,nikhil.agarwal930@hotmail.com,student
Sneha Nair,sneha.nair931@outlook.com,student
Nikhil Gupta,nikhil.gupta932@yahoo.com,student
Divya Iyer,divya.iyer933@gmail.com,student
Manoj Das,manoj.das934@gmail.com,student
Kavya Das,kavya.das935@gmail.com,student
Divya Sharma,divya.sharma936@gmail.com,student
Pooja Singh,pooja.singh937@gmail.com,student
Pooja Kumar,pooja.kumar938@gmail.com,student
Manoj Sharma,manoj.sharma939@gmail.com,student
Vikram Iyer,vikram.iyer940@hotmail.com,student
Swati Das,swati.das941@outlook.com,student
Swati Nair,swati.nair942@yahoo.com,student
Manoj Gupta,manoj.gupta943@hotmail.com,student
Isha Reddy,isha.reddy944@yahoo.com,student
Sneha Nair,sneha.nair945@gmail.com,student
Aarav Reddy,aarav.reddy946@gmail.com,student
Sneha Nair,sneha.nair947@hotmail.com,student
Suresh Das,suresh.das948@hotmail.com,student
Ananya Chopra,ananya.chopra949@gmail.com,student
Manoj Mehta,manoj.mehta950@yahoo.com,student
Neha Mehta,neha.mehta951@outlook.com,student
Sneha Sharma,sneha.sharma952@outlook.com,student
Priya Joshi,priya.joshi953@gmail.com,student
Kavya Gupta,kavya.gupta954@hotmail.com,student
Isha Kumar,isha.kumar955@gmail.com,student
Ananya Gupta,ananya.gupta956@hotmail.com,student
Manoj Malhotra,manoj.malhotra957@gmail.com,student
Suresh Sharma,suresh.sharma958@yahoo.com,student
Neha Gupta,neha.gupta959@gmail.com,student
Sneha Agarwal,sneha.agarwal960@yahoo.com,student
Rohan Sharma,rohan.sharma961@hotmail.com,student
Pooja Kumar,pooja.kumar962@outlook.com,student
Meena Reddy,meena.reddy963@yahoo.com,student
Amit Chopra,amit.chopra964@yahoo.com,student
Divya Patel,divya.patel965@hotmail.com,student
Meena Sharma,meena.sharma966@yahoo.com,student
Rahul Iyer,rahul.iyer967@yahoo.com,student
Kavya Kumar,kavya.kumar968@yahoo.com,student
Aarav Agarwal,aarav.agarwal969@outlook.com,student
Amit Nair,amit.nair970@outlook.com,student
Priya Mehta,priya.mehta971@hotmail.com,student
Rohan Kumar,rohan.kumar972@gmail.com,student
Priya Kumar,priya.kumar973@outlook.com,student
Swati Gupta,swati.gupta974@hotmail.com,student
Vikram Verma,vikram.verma975@outlook.com,student
Kavya Gupta,kavya.gupta976@hotmail.com,student
Ananya Patel,ananya.patel977@gmail.com,student
Rohan Malhotra,rohan.malhotra978@yahoo.com,student
Neha Singh,neha.singh979@yahoo.com,student
Rahul Gupta,rahul.gupta980@outlook.com,student
Swati Joshi,swati.joshi981@yahoo.com,student
Swati Verma,swati.verma982@hotmail.com,student
Neha Iyer,neha.iyer983@outlook.com,student
Kavya Gupta,kavya.gupta984@hotmail.com,student
Amit Chopra,amit.chopra985@yahoo.com,student
Pooja Verma,pooja.verma986@yahoo.com,student
Neha Joshi,neha.joshi987@hotmail.com,student
Karthik Singh,karthik.singh988@outlook.com,student
Isha Agarwal,isha.agarwal989@hotmail.com,student
Manoj Mehta,manoj.mehta990@yahoo.com,student
Amit Das,amit.das991@yahoo.com,student
Karthik Joshi,karthik.joshi992@gmail.com,student
Nikhil Reddy,nikhil.reddy993@outlook.com,student
Amit Sharma,amit.sharma994@yahoo.com,student
Pooja Sharma,pooja.sharma995@hotmail.com,student
Rahul Singh,rahul.singh996@yahoo.com,student
Neha Mehta,neha.mehta997@yahoo.com,student
Priya Reddy,priya.reddy998@outlook.com,student
Nikhil Malhotra,nikhil.malhotra999@outlook.com,student
Vikram Reddy,vikram.reddy1000@outlook.com,student
Rahul Gupta,rahul.gupta1001@outlook.com,student
Karthik Joshi,karthik.joshi1002@hotmail.com,student
Pooja Mehta,pooja.mehta1003@hotmail.com,student
Suresh Malhotra,suresh.malhotra1004@yahoo.com,student
Arjun Iyer,arjun.iyer1005@gmail.com,student
Kavya Chopra,kavya.chopra1006@outlook.com,student
Divya Sharma,divya.sharma1007@hotmail.com,student
Neha Joshi,neha.joshi1008@hotmail.com,student
Kavya Agarwal,kavya.agarwal1009@gmail.com,student
Sneha Patel,sneha.patel1010@gmail.com,student
Arjun Agarwal,arjun.agarwal1011@yahoo.com,student
Ananya Kumar,ananya.kumar1012@gmail.com,student
Isha Iyer,isha.iyer1013@hotmail.com,student
Vikram Malhotra,vikram.malhotra1014@outlook.com,student
Karthik Kumar,karthik.kumar1015@gmail.com,student
Swati Patel,swati.patel1016@yahoo.com,student
Manoj Joshi,manoj.joshi1017@yahoo.com,student
Manoj Verma,manoj.verma1018@outlook.com,student
Divya Chopra,divya.chopra1019@outlook.com,student
Aarav Reddy,aarav.reddy1020@outlook.com,student
Ananya Agarwal,ananya.agarwal1021@gmail.com,student
Neha Chopra,neha.chopra1022@gmail.com,student
Ananya Malhotra,ananya.malhotra1023@outlook.com,student
Vikram Malhotra,vikram.malhotra1024@outlook.com,student
Rahul Kumar,rahul.kumar1025@hotmail.com,student
Isha Joshi,isha.joshi1026@yahoo.com,student
Arjun Nair,arjun.nair1027@gmail.com,student
Kavya Kumar,kavya.kumar1028@hotmail.com,student
Rohan Singh,rohan.singh1029@hotmail.com,student
Nikhil Sharma,nikhil.sharma1030@yahoo.com,student
Divya Chopra,divya.chopra1031@yahoo.com,student
Meena Malhotra,meena.malhotra1032@yahoo.com,student
Ananya Singh,ananya.singh1033@outlook.com,student
Sneha Nair,sneha.nair1034@yahoo.com,student
Neha Nair,neha.nair1035@outlook.com,student
Neha Sharma,neha.sharma1036@yahoo.com,student
Kavya Mehta,kavya.mehta1037@hotmail.com,student
Rahul Gupta,rahul.gupta1038@outlook.com,student
Karthik Iyer,karthik.iyer1039@hotmail.com,student
Meena Gupta,meena.gupta1040@yahoo.com,student
Aarav Nair,aarav.nair1041@hotmail.com,student
Karthik Agarwal,karthik.agarwal1042@outlook.com,student
Pooja Iyer,pooja.iyer1043@yahoo.com,student
Manoj Das,manoj.das1044@yahoo.com,student
Rohan Chopra,rohan.chopra1045@gmail.com,student
Swati Kumar,swati.kumar1046@yahoo.com,student
Karthik Das,karthik.das1047@hotmail.com,student
Amit Joshi,amit.joshi1048@yahoo.com,student
Priya Singh,priya.singh1049@outlook.com,student
Aarav Mehta,aarav.mehta1050@hotmail.com,student
Vikram Sharma,vikram.sharma1051@gmail.com,student
Arjun Patel,arjun.patel1052@yahoo.com,student
Priya Singh,priya.singh1053@outlook.com,student
Suresh Reddy,suresh.reddy1054@yahoo.com,student
Rohan Verma,rohan.verma1055@hotmail.com,student
Manoj Mehta,manoj.mehta1056@outlook.com,student
Sneha Nair,sneha.nair1057@gmail.com,student
Ananya Sharma,ananya.sharma1058@hotmail.com,student
Meena Reddy,meena.reddy1059@outlook.com,student
Manoj Patel,manoj.patel1060@gmail.com,student
Meena Kumar,meena.kumar1061@hotmail.com,student
Vikram Malhotra,vikram.malhotra1062@outlook.com,student
Aarav Mehta,aarav.mehta1063@gmail.com,student
Pooja Chopra,pooja.chopra1064@outlook.com,student
Neha Reddy,neha.reddy1065@yahoo.com,student
Aarav Sharma,aarav.sharma1066@hotmail.com,student
Karthik Patel,karthik.patel1067@outlook.com,student
Sneha Chopra,sneha.chopra1068@yahoo.com,student
Priya Malhotra,priya.malhotra1069@outlook.com,student
Isha Mehta,isha.mehta1070@hotmail.com,student
Sneha Chopra,sneha.chopra1071@outlook.com,student
Rohan Gupta,rohan.gupta1072@outlook.com,student
Karthik Nair,karthik.nair1073@outlook.com,student
Arjun Gupta,arjun.gupta1074@gmail.com,student
Ananya Reddy,ananya.reddy1075@hotmail.com,student
Ananya Gupta,ananya.gupta1076@hotmail.com,student
Divya Verma,divya.verma1077@yahoo.com,student
Pooja Das,pooja.das1078@gmail.com,student
Karthik Singh,karthik.singh1079@yahoo.com,student
Sneha Iyer,sneha.iyer1080@hotmail.com,student
Amit Reddy,amit.reddy1081@gmail.com,student
Suresh Verma,suresh.verma1082@yahoo.com,student
Vikram Singh,vikram.singh1083@outlook.com,student
Aarav Sharma,aarav.sharma1084@hotmail.com,student
Karthik Patel,karthik.patel1085@gmail.com,student
Ananya Nair,ananya.nair1086@hotmail.com,student
Rohan Reddy,rohan.reddy1087@hotmail.com,student
Aarav Chopra,aarav.chopra1088@yahoo.com,student
Sneha Kumar,sneha.kumar1089@outlook.com,student
Aarav Verma,aarav.verma1090@outlook.com,student
Manoj Gupta,manoj.gupta1091@hotmail.com,student
Rahul Nair,rahul.nair1092@outlook.com,student
Nikhil Verma,nikhil.verma1093@hotmail.com,student
Swati Agarwal,swati.agarwal1094@yahoo.com,student
Amit Das,amit.das1095@gmail.com,student
Ananya Singh,ananya.singh1096@outlook.com,student
Isha Chopra,isha.chopra1097@outlook.com,student
Manoj Das,manoj.das1098@hotmail.com,student
Kavya Verma,kavya.verma1099@yahoo.com,student
Pooja Joshi,pooja.joshi1100@outlook.com,student
Nikhil Agarwal,nikhil.agarwal1101@gmail.com,student
Vikram Gupta,vikram.gupta1102@hotmail.com,student
Rahul Iyer,rahul.iyer1103@outlook.com,student
Swati Das,swati.das1104@hotmail.com,student
Kavya Nair,kavya.nair1105@yahoo.com,student
Manoj Verma,manoj.verma1106@hotmail.com,student
Arjun Reddy,arjun.reddy1107@yahoo.com,student
Sneha Agarwal,sneha.agarwal1108@yahoo.com,student
Swati Singh,swati.singh1109@gmail.com,student
Neha Joshi,neha.joshi1110@outlook.com,student
Priya Gupta,priya.gupta1111@outlook.com,student
Meena Gupta,meena.gupta1112@hotmail.com,student
Neha Nair,neha.nair1113@gmail.com,student
Nikhil Agarwal,nikhil.agarwal1114@gmail.com,student
Divya Chopra,divya.chopra1115@gmail.com,student
Suresh Iyer,suresh.iyer1116@gmail.com,student
Nikhil Reddy,nikhil.reddy1117@hotmail.com,student
Amit Nair,amit.nair1118@yahoo.com,student
Vikram Das,vikram.das1119@hotmail.com,student
Rahul Iyer,rahul.iyer1120@outlook.com,student
Isha Sharma,isha.sharma1121@hotmail.com,student
Neha Sharma,neha.sharma1122@outlook.com,student
Ananya Sharma,ananya.sharma1123@yahoo.com,student
Suresh Patel,suresh.patel1124@gmail.com,student
Karthik Kumar,karthik.kumar1125@gmail.com,student
Isha Joshi,isha.joshi1126@yahoo.com,student
Manoj Reddy,manoj.reddy1127@outlook.com,student
Sneha Mehta,sneha.mehta1128@outlook.com,student
Aarav Joshi,aarav.joshi1129@outlook.com,student
Priya Gupta,priya.gupta1130@outlook.com,student
Nikhil Singh,nikhil.singh1131@outlook.com,student
Meena Sharma,meena.sharma1132@outlook.com,student
Priya Mehta,priya.mehta1133@outlook.com,student
Isha Reddy,isha.reddy1134@gmail.com,student
Neha Patel,neha.patel1135@outlook.com,student
Vikram Singh,vikram.singh1136@hotmail.com,student
Aarav Joshi,aarav.joshi1137@hotmail.com,student
Priya Malhotra,priya.malhotra1138@gmail.com,student
Meena Reddy,meena.reddy1139@gmail.com,student
Arjun Iyer,arjun.iyer1140@yahoo.com,student
Swati Agarwal,swati.agarwal1141@outlook.com,student
Amit Joshi,amit.joshi1142@yahoo.com,student
Manoj Agarwal,manoj.agarwal1143@outlook.com,student
Swati Singh,swati.singh1144@outlook.com,student
Suresh Sharma,suresh.sharma1145@gmail.com,student
Rohan Iyer,rohan.iyer1146@hotmail.com,student
Nikhil Verma,nikhil.verma1147@gmail.com,student
Ananya Reddy,ananya.reddy1148@yahoo.com,student
Isha Joshi,isha.joshi1149@hotmail.com,student
Meena Iyer,meena.iyer1150@hotmail.com,student
Amit Gupta,amit.gupta1151@gmail.com,student
Kavya Mehta,kavya.mehta1152@yahoo.com,student
Pooja Agarwal,pooja.agarwal1153@yahoo.com,student
Manoj Das,manoj.das1154@gmail.com,student
Vikram Iyer,vikram.iyer1155@outlook.com,student
Suresh Mehta,suresh.mehta1156@hotmail.com,student
Amit Agarwal,amit.agarwal1157@outlook.com,student
Rohan Sharma,rohan.sharma1158@outlook.com,student
Manoj Verma,manoj.verma1159@outlook.com,student
Neha Sharma,neha.sharma1160@yahoo.com,student
Suresh Agarwal,suresh.agarwal1161@gmail.com,student
Karthik Singh,karthik.singh1162@yahoo.com,student
Arjun Kumar,arjun.kumar1163@outlook.com,student
Rahul Nair,rahul.nair1164@outlook.com,student
Kavya Das,kavya.das1165@yahoo.com,student
Ananya Agarwal,ananya.agarwal1166@gmail.com,student
Vikram Malhotra,vikram.malhotra1167@hotmail.com,student
Manoj Chopra,manoj.chopra1168@gmail.com,student
Kavya Malhotra,kavya.malhotra1169@outlook.com,student
Neha Joshi,neha.joshi1170@yahoo.com,student
Rahul Patel,rahul.patel1171@outlook.com,student
Kavya Nair,kavya.nair1172@yahoo.com,student
Kavya Joshi,kavya.joshi1173@hotmail.com,student
Rohan Sharma,rohan.sharma1174@outlook.com,student
Rohan Agarwal,rohan.agarwal1175@hotmail.com,student
Nikhil Mehta,nikhil.mehta1176@yahoo.com,student
Neha Mehta,neha.mehta1177@yahoo.com,student
Karthik Gupta,karthik.gupta1178@gmail.com,student
Suresh Kumar,suresh.kumar1179@hotmail.com,student
Amit Das,amit.das1180@outlook.com,student
Sneha Das,sneha.das1181@gmail.com,student
Karthik Patel,karthik.patel1182@outlook.com,student
Arjun Singh,arjun.singh1183@outlook.com,student
Rahul Agarwal,rahul.agarwal1184@yahoo.com,student
Manoj Agarwal,manoj.agarwal1185@gmail.com,student
Manoj Iyer,manoj.iyer1186@outlook.com,student
Manoj Mehta,manoj.mehta1187@hotmail.com,student
Kavya Malhotra,kavya.malhotra1188@hotmail.com,student
Rahul Joshi,rahul.joshi1189@hotmail.com,student
Rohan Agarwal,rohan.agarwal1190@yahoo.com,student
Arjun Agarwal,arjun.agarwal1191@outlook.com,student
Swati Sharma,swati.sharma1192@yahoo.com,student
Arjun Gupta,arjun.gupta1193@gmail.com,student
Vikram Sharma,vikram.sharma1194@hotmail.com,student
Suresh Gupta,suresh.gupta1195@outlook.com,student
Nikhil Chopra,nikhil.chopra1196@gmail.com,student
Vikram Gupta,vikram.gupta1197@gmail.com,student
Karthik Das,karthik.das1198@gmail.com,student
Rahul Reddy,rahul.reddy1199@outlook.com,student
Karthik Sharma,karthik.sharma1200@yahoo.com,student
Arjun Nair,arjun.nair1201@gmail.com,student
Rohan Agarwal,rohan.agarwal1202@gmail.com,student
Vikram Mehta,vikram.mehta1203@outlook.com,student
Aarav Chopra,aarav.chopra1204@hotmail.com,student
Amit Das,amit.das1205@outlook.com,student
Sneha Sharma,sneha.sharma1206@hotmail.com,student
Ananya Reddy,ananya.reddy1207@outlook.com,student
Meena Das,meena.das1208@hotmail.com,student
Arjun Verma,arjun.verma1209@gmail.com,student
Aarav Agarwal,aarav.agarwal1210@outlook.com,student
Manoj Chopra,manoj.chopra1211@outlook.com,student
Ananya Kumar,ananya.kumar1212@outlook.com,student
Sneha Reddy,sneha.reddy1213@gmail.com,student
Karthik Gupta,karthik.gupta1214@yahoo.com,student
Nikhil Malhotra,nikhil.malhotra1215@gmail.com,student
Kavya Joshi,kavya.joshi1216@outlook.com,student
Divya Mehta,divya.mehta1217@yahoo.com,student
Isha Das,isha.das1218@outlook.com,student
Neha Singh,neha.singh1219@outlook.com,student
Meena Malhotra,meena.malhotra1220@gmail.com,student
Pooja Chopra,pooja.chopra1221@hotmail.com,student
Swati Patel,swati.patel1222@outlook.com,student
Nikhil Nair,nikhil.nair1223@outlook.com,student
Karthik Patel,karthik.patel1224@gmail.com,student
Swati Verma,swati.verma1225@gmail.com,student
Kavya Iyer,kavya.iyer1226@yahoo.com,student
Amit Malhotra,amit.malhotra1227@gmail.com,student
Aarav Das,aarav.das1228@yahoo.com,student
Priya Sharma,priya.sharma1229@yahoo.com,student
Swati Malhotra,swati.malhotra1230@yahoo.com,student
Arjun Das,arjun.das1231@outlook.com,student
Karthik Agarwal,karthik.agarwal1232@yahoo.com,student
Sneha Nair,sneha.nair1233@gmail.com,student
Kavya Malhotra,kavya.malhotra1234@yahoo.com,student
Suresh Joshi,suresh.joshi1235@hotmail.com,student
Vikram Chopra,vikram.chopra1236@outlook.com,student
Amit Verma,amit.verma1237@yahoo.com,student
Rohan Malhotra,rohan.malhotra1238@gmail.com,student
Priya Chopra,priya.chopra1239@gmail.com,student
Rahul Malhotra,rahul.malhotra1240@hotmail.com,student
Kavya Sharma,kavya.sharma1241@yahoo.com,student
Manoj Kumar,manoj.kumar1242@hotmail.com,student
Amit Chopra,amit.chopra1243@yahoo.com,student
Aarav Patel,aarav.patel1244@gmail.com,student
Arjun Singh,arjun.singh1245@hotmail.com,student
Neha Gupta,neha.gupta1246@outlook.com,student
Vikram Mehta,vikram.mehta1247@hotmail.com,student
Arjun Patel,arjun.patel1248@hotmail.com,student
Vikram Das,vikram.das1249@yahoo.com,student
Meena Joshi,meena.joshi1250@outlook.com,student
Karthik Joshi,karthik.joshi1251@outlook.com,student
Pooja Reddy,pooja.reddy1252@outlook.com,student
Aarav Verma,aarav.verma1253@yahoo.com,student
Sneha Mehta,sneha.mehta1254@hotmail.com,student
Vikram Das,vikram.das1255@gmail.com,student
Vikram Joshi,vikram.joshi1256@outlook.com,student
Ananya Malhotra,ananya.malhotra1257@hotmail.com,student
Sneha Kumar,sneha.kumar1258@yahoo.com,student
Pooja Chopra,pooja.chopra1259@gmail.com,student
Priya Iyer,priya.iyer1260@gmail.com,student
Karthik Agarwal,karthik.agarwal1261@outlook.com,student
Karthik Nair,karthik.nair1262@outlook.com,student
Priya Malhotra,priya.malhotra1263@yahoo.com,student
Suresh Chopra,suresh.chopra1264@hotmail.com,student
Rahul Kumar,rahul.kumar1265@outlook.com,student
Amit Agarwal,amit.agarwal1266@outlook.com,student
Ananya Das,ananya.das1267@yahoo.com,student
Vikram Malhotra,vikram.malhotra1268@gmail.com,student
Ananya Iyer,ananya.iyer1269@yahoo.com,student
Manoj Kumar,manoj.kumar1270@gmail.com,student
Aarav Sharma,aarav.sharma1271@outlook.com,student
Rahul Agarwal,rahul.agarwal1272@gmail.com,student
Priya Verma,priya.verma1273@yahoo.com,student
Nikhil Kumar,nikhil.kumar1274@gmail.com,student
Sneha Gupta,sneha.gupta1275@yahoo.com,student
Swati Nair,swati.nair1276@gmail.com,student
Nikhil Mehta,nikhil.mehta1277@hotmail.com,student
Rahul Mehta,rahul.mehta1278@yahoo.com,student
Neha Singh,neha.singh1279@gmail.com,student
Arjun Singh,arjun.singh1280@yahoo.com,student
Aarav Patel,aarav.patel1281@outlook.com,student
Rahul Sharma,rahul.sharma1282@yahoo.com,student
Nikhil Sharma,nikhil.sharma1283@hotmail.com,student
Swati Mehta,swati.mehta1284@outlook.com,student
Aarav Mehta,aarav.mehta1285@gmail.com,student
Suresh Nair,suresh.nair1286@outlook.com,student
Swati Mehta,swati.mehta1287@hotmail.com,student
Arjun Kumar,arjun.kumar1288@hotmail.com,student
Rohan Nair,rohan.nair1289@hotmail.com,student
Amit Iyer,amit.iyer1290@hotmail.com,student
Amit Agarwal,amit.agarwal1291@hotmail.com,student
Karthik Agarwal,karthik.agarwal1292@gmail.com,student
Neha Das,neha.das1293@outlook.com,student
Isha Singh,isha.singh1294@hotmail.com,student
Neha Joshi,neha.joshi1295@yahoo.com,student
Priya Reddy,priya.reddy1296@gmail.com,student
Ananya Kumar,ananya.kumar1297@outlook.com,student
Suresh Nair,suresh.nair1298@outlook.com,student
Suresh Das,suresh.das1299@gmail.com,student
Meena Singh,meena.singh1300@hotmail.com,student
Nikhil Mehta,nikhil.mehta1301@hotmail.com,student
Neha Joshi,neha.joshi1302@hotmail.com,student
Kavya Singh,kavya.singh1303@gmail.com,student
Amit Nair,amit.nair1304@outlook.com,student
Isha Chopra,isha.chopra1305@outlook.com,student
Rahul Chopra,rahul.chopra1306@yahoo.com,student
Isha Malhotra,isha.malhotra1307@outlook.com,student
Arjun Agarwal,arjun.agarwal1308@hotmail.com,student
Kavya Nair,kavya.nair1309@hotmail.com,student
Manoj Gupta,manoj.gupta1310@yahoo.com,student
Rahul Agarwal,rahul.agarwal1311@outlook.com,student
Nikhil Gupta,nikhil.gupta1312@yahoo.com,student
Kavya Gupta,kavya.gupta1313@yahoo.com,student
Karthik Joshi,karthik.joshi1314@hotmail.com,student
Sneha Chopra,sneha.chopra1315@gmail.com,student
Rohan Kumar,rohan.kumar1316@outlook.com,student
Divya Reddy,divya.reddy1317@hotmail.com,student
Karthik Singh,karthik.singh1318@outlook.com,student
Amit Reddy,amit.reddy1319@outlook.com,student
Kavya Chopra,kavya.chopra1320@outlook.com,student
Suresh Chopra,suresh.chopra1321@gmail.com,student
Arjun Kumar,arjun.kumar1322@outlook.com,student
Suresh Singh,suresh.singh1323@gmail.com,student
Suresh Chopra,suresh.chopra1324@hotmail.com,student
Sneha Malhotra,sneha.malhotra1325@yahoo.com,student
Aarav Chopra,aarav.chopra1326@yahoo.com,student
Kavya Verma,kavya.verma1327@yahoo.com,student
Isha Mehta,isha.mehta1328@outlook.com,student
Amit Patel,amit.patel1329@gmail.com,student
Swati Gupta,swati.gupta1330@gmail.com,student
Manoj Patel,manoj.patel1331@gmail.com,student
Manoj Iyer,manoj.iyer1332@outlook.com,student
Swati Patel,swati.patel1333@outlook.com,student
Arjun Gupta,arjun.gupta1334@outlook.com,student
Suresh Reddy,suresh.reddy1335@hotmail.com,student
Rahul Gupta,rahul.gupta1336@yahoo.com,student
Divya Malhotra,divya.malhotra1337@outlook.com,student
Isha Malhotra,isha.malhotra1338@outlook.com,student
Ananya Singh,ananya.singh1339@hotmail.com,student
Amit Mehta,amit.mehta1340@gmail.com,student
Pooja Kumar,pooja.kumar1341@hotmail.com,student
Isha Malhotra,isha.malhotra1342@outlook.com,student
Kavya Gupta,kavya.gupta1343@hotmail.com,student
Manoj Iyer,manoj.iyer1344@yahoo.com,student
Manoj Mehta,manoj.mehta1345@gmail.com,student
Vikram Mehta,vikram.mehta1346@gmail.com,student
Rahul Malhotra,rahul.malhotra1347@hotmail.com,student
Amit Kumar,amit.kumar1348@hotmail.com,student
Meena Agarwal,meena.agarwal1349@gmail.com,student
Priya Das,priya.das1350@hotmail.com,student
Suresh Singh,suresh.singh1351@hotmail.com,student
Divya Verma,divya.verma1352@yahoo.com,student
Rahul Verma,rahul.verma1353@hotmail.com,student
Meena Iyer,meena.iyer1354@gmail.com,student
Neha Singh,neha.singh1355@yahoo.com,student
Amit Nair,amit.nair1356@gmail.com,student
Pooja Nair,pooja.nair1357@outlook.com,student
Amit Malhotra,amit.malhotra1358@hotmail.com,student
Priya Reddy,priya.reddy1359@yahoo.com,student
Rahul Das,rahul.das1360@gmail.com,student
Priya Verma,priya.verma1361@gmail.com,student
Vikram Das,vikram.das1362@hotmail.com,student
Ananya Joshi,ananya.joshi1363@yahoo.com,student
Rohan Verma,rohan.verma1364@gmail.com,student
Swati Singh,swati.singh1365@hotmail.com,student
Manoj Iyer,manoj.iyer1366@hotmail.com,student
Ananya Joshi,ananya.joshi1367@yahoo.com,student
Rohan Mehta,rohan.mehta1368@yahoo.com,student
Nikhil Sharma,nikhil.sharma1369@yahoo.com,student
Swati Patel,swati.patel1370@outlook.com,student
Rahul Mehta,rahul.mehta1371@hotmail.com,student
Arjun Chopra,arjun.chopra1372@outlook.com,student
Swati Kumar,swati.kumar1373@hotmail.com,student
Ananya Patel,ananya.patel1374@outlook.com,student
Neha Joshi,neha.joshi1375@hotmail.com,student
Divya Joshi,divya.joshi1376@outlook.com,student
Pooja Gupta,pooja.gupta1377@yahoo.com,student
Ananya Gupta,ananya.gupta1378@outlook.com,student
Suresh Chopra,suresh.chopra1379@hotmail.com,student
Manoj Iyer,manoj.iyer1380@outlook.com,student
Rohan Gupta,rohan.gupta1381@hotmail.com,student
Swati Chopra,swati.chopra1382@gmail.com,student
Rohan Sharma,rohan.sharma1383@gmail.com,student
Divya Das,divya.das1384@outlook.com,student
Ananya Patel,ananya.patel1385@yahoo.com,student
Suresh Patel,suresh.patel1386@yahoo.com,student
Vikram Malhotra,vikram.malhotra1387@hotmail.com,student
Amit Agarwal,amit.agarwal1388@hotmail.com,student
Vikram Agarwal,vikram.agarwal1389@yahoo.com,student
Ananya Iyer,ananya.iyer1390@hotmail.com,student
Priya Sharma,priya.sharma1391@yahoo.com,student
Rahul Joshi,rahul.joshi1392@hotmail.com,student
Sneha Sharma,sneha.sharma1393@yahoo.com,student
Meena Gupta,meena.gupta1394@outlook.com,student
Vikram Nair,vikram.nair1395@yahoo.com,student
Karthik Malhotra,karthik.malhotra1396@yahoo.com,student
Nikhil Reddy,nikhil.reddy1397@hotmail.com,student
Priya Gupta,priya.gupta1398@gmail.com,student
Ananya Kumar,ananya.kumar1399@yahoo.com,student
Arjun Singh,arjun.singh1400@hotmail.com,student
Divya Iyer,divya.iyer1401@gmail.com,student
Karthik Sharma,karthik.sharma1402@yahoo.com,student
Suresh Patel,suresh.patel1403@yahoo.com,student
Manoj Malhotra,manoj.malhotra1404@outlook.com,student
Swati Singh,swati.singh1405@yahoo.com,student
Pooja Agarwal,pooja.agarwal1406@outlook.com,student
Rohan Nair,rohan.nair1407@yahoo.com,student
Karthik Malhotra,karthik.malhotra1408@yahoo.com,student
Amit Sharma,amit.sharma1409@outlook.com,student
Amit Iyer,amit.iyer1410@outlook.com,student
Neha Chopra,neha.chopra1411@gmail.com,student
Vikram Verma,vikram.verma1412@yahoo.com,student
Sneha Kumar,sneha.kumar1413@outlook.com,student
Amit Reddy,amit.reddy1414@gmail.com,student
Kavya Reddy,kavya.reddy1415@yahoo.com,student
Nikhil Nair,nikhil.nair1416@gmail.com,student
Pooja Verma,pooja.verma1417@outlook.com,student
Aarav Malhotra,aarav.malhotra1418@hotmail.com,student
Rahul Gupta,rahul.gupta1419@hotmail.com,student
Arjun Joshi,arjun.joshi1420@outlook.com,student
Isha Das,isha.das1421@gmail.com,student
Vikram Iyer,vikram.iyer1422@hotmail.com,student
Arjun Malhotra,arjun.malhotra1423@yahoo.com,student
Manoj Agarwal,manoj.agarwal1424@outlook.com,student
Ananya Das,ananya.das1425@gmail.com,student
Aarav Mehta,aarav.mehta1426@yahoo.com,student
Karthik Chopra,karthik.chopra1427@outlook.com,student
Ananya Iyer,ananya.iyer1428@outlook.com,student
Kavya Verma,kavya.verma1429@hotmail.com,student
Neha Mehta,neha.mehta1430@outlook.com,student
Sneha Reddy,sneha.reddy1431@outlook.com,student
Rahul Singh,rahul.singh1432@hotmail.com,student
Priya Singh,priya.singh1433@gmail.com,student
Sneha Das,sneha.das1434@hotmail.com,student
Suresh Sharma,suresh.sharma1435@gmail.com,student
Ananya Nair,ananya.nair1436@gmail.com,student
Divya Chopra,divya.chopra1437@yahoo.com,student
Divya Das,divya.das1438@outlook.com,student
Rahul Mehta,rahul.mehta1439@yahoo.com,student
Kavya Iyer,kavya.iyer1440@gmail.com,student
Rohan Sharma,rohan.sharma1441@hotmail.com,student
Pooja Iyer,pooja.iyer1442@outlook.com,student
Priya Reddy,priya.reddy1443@yahoo.com,student
Priya Iyer,priya.iyer1444@hotmail.com,student
Arjun Nair,arjun.nair1445@gmail.com,student
Rohan Verma,rohan.verma1446@yahoo.com,student
Sneha Das,sneha.das1447@gmail.com,student
Nikhil Patel,nikhil.patel1448@outlook.com,student
Vikram Patel,vikram.patel1449@hotmail.com,student
Swati Gupta,swati.gupta1450@yahoo.com,student
Neha Singh,neha.singh1451@yahoo.com,student
Priya Sharma,priya.sharma1452@gmail.com,student
Ananya Verma,ananya.verma1453@yahoo.com,student
Neha Reddy,neha.reddy1454@yahoo.com,student
Karthik Joshi,karthik.joshi1455@outlook.com,student
Aarav Kumar,aarav.kumar1456@hotmail.com,student
Isha Nair,isha.nair1457@gmail.com,student
Pooja Das,pooja.das1458@gmail.com,student
Rahul Chopra,rahul.chopra1459@yahoo.com,student
Neha Gupta,neha.gupta1460@gmail.com,student
Neha Reddy,neha.reddy1461@outlook.com,student
Priya Sharma,priya.sharma1462@yahoo.com,student
Isha Malhotra,isha.malhotra1463@yahoo.com,student
Pooja Mehta,pooja.mehta1464@gmail.com,student
Suresh Das,suresh.das1465@yahoo.com,student
Aarav Mehta,aarav.mehta1466@hotmail.com,student
Divya Sharma,divya.sharma1467@gmail.com,student
Neha Iyer,neha.iyer1468@yahoo.com,student
Karthik Malhotra,karthik.malhotra1469@outlook.com,student
Karthik Gupta,karthik.gupta1470@yahoo.com,student
Neha Chopra,neha.chopra1471@outlook.com,student
Rahul Sharma,rahul.sharma1472@hotmail.com,student
Ananya Verma,ananya.verma1473@outlook.com,student
Rahul Malhotra,rahul.malhotra1474@gmail.com,student
Vikram Joshi,vikram.joshi1475@gmail.com,student
Kavya Malhotra,kavya.malhotra1476@hotmail.com,student
Rahul Chopra,rahul.chopra1477@outlook.com,student
Manoj Iyer,manoj.iyer1478@hotmail.com,student
Meena Iyer,meena.iyer1479@outlook.com,student
Pooja Agarwal,pooja.agarwal1480@gmail.com,student
Suresh Joshi,suresh.joshi1481@yahoo.com,student
Divya Kumar,divya.kumar1482@outlook.com,student
Manoj Nair,manoj.nair1483@gmail.com,student
Rahul Malhotra,rahul.malhotra1484@outlook.com,student
Neha Gupta,neha.gupta1485@yahoo.com,student
Manoj Verma,manoj.verma1486@yahoo.com,student
Meena Das,meena.das1487@gmail.com,student
Amit Chopra,amit.chopra1488@hotmail.com,student
Rohan Joshi,rohan.joshi1489@hotmail.com,student
Amit Reddy,amit.reddy1490@yahoo.com,student
Rohan Chopra,rohan.chopra1491@hotmail.com,student
Pooja Sharma,pooja.sharma1492@outlook.com,student
Meena Das,meena.das1493@gmail.com,student
Priya Agarwal,priya.agarwal1494@hotmail.com,student
Divya Kumar,divya.kumar1495@outlook.com,student
Suresh Iyer,suresh.iyer1496@outlook.com,student
Swati Gupta,swati.gupta1497@gmail.com,student
Kavya Kumar,kavya.kumar1498@hotmail.com,student
Isha Sharma,isha.sharma1499@outlook.com,student
Rohan Reddy,rohan.reddy1500@outlook.com,student
Sneha Singh,sneha.singh1501@hotmail.com,student
Divya Chopra,divya.chopra1502@yahoo.com,student
Priya Gupta,priya.gupta1503@gmail.com,student
Amit Joshi,amit.joshi1504@yahoo.com,student
Amit Patel,amit.patel1505@outlook.com,student
Karthik Mehta,karthik.mehta1506@yahoo.com,student
Neha Mehta,neha.mehta1507@hotmail.com,student
Pooja Verma,pooja.verma1508@outlook.com,student
Nikhil Malhotra,nikhil.malhotra1509@yahoo.com,student
Sneha Kumar,sneha.kumar1510@gmail.com,student
Aarav Joshi,aarav.joshi1511@yahoo.com,student
Priya Gupta,priya.gupta1512@hotmail.com,student
Manoj Malhotra,manoj.malhotra1513@outlook.com,student
Kavya Chopra,kavya.chopra1514@gmail.com,student
Swati Singh,swati.singh1515@hotmail.com,student
Karthik Agarwal,karthik.agarwal1516@outlook.com,student
Divya Reddy,divya.reddy1517@outlook.com,student
Suresh Patel,suresh.patel1518@outlook.com,student
Kavya Patel,kavya.patel1519@hotmail.com,student
Nikhil Malhotra,nikhil.malhotra1520@gmail.com,student
Meena Verma,meena.verma1521@outlook.com,student
Aarav Sharma,aarav.sharma1522@gmail.com,student
Swati Kumar,swati.kumar1523@hotmail.com,student
Pooja Malhotra,pooja.malhotra1524@yahoo.com,student
Isha Singh,isha.singh1525@hotmail.com,student
Ananya Mehta,ananya.mehta1526@hotmail.com,student
Karthik Sharma,karthik.sharma1527@outlook.com,student
Karthik Gupta,karthik.gupta1528@gmail.com,student
Amit Iyer,amit.iyer1529@outlook.com,student
Neha Patel,neha.patel1530@gmail.com,student
Divya Nair,divya.nair1531@hotmail.com,student
Rahul Malhotra,rahul.malhotra1532@hotmail.com,student
Meena Singh,meena.singh1533@outlook.com,student
Arjun Mehta,arjun.mehta1534@yahoo.com,student
Manoj Verma,manoj.verma1535@gmail.com,student
Swati Mehta,swati.mehta1536@yahoo.com,student
Vikram Nair,vikram.nair1537@gmail.com,student
Sneha Patel,sneha.patel1538@yahoo.com,student
Pooja Agarwal,pooja.agarwal1539@gmail.com,student
Manoj Patel,manoj.patel1540@hotmail.com,student
Kavya Singh,kavya.singh1541@yahoo.com,student
Arjun Patel,arjun.patel1542@hotmail.com,student
Vikram Das,vikram.das1543@outlook.com,student
Suresh Kumar,suresh.kumar1544@gmail.com,student
Arjun Mehta,arjun.mehta1545@hotmail.com,student
Rohan Kumar,rohan.kumar1546@hotmail.com,student
Arjun Reddy,arjun.reddy1547@yahoo.com,student
Isha Verma,isha.verma1548@hotmail.com,student
Sneha Malhotra,sneha.malhotra1549@outlook.com,student
Ananya Iyer,ananya.iyer1550@outlook.com,student
Swati Verma,swati.verma1551@hotmail.com,student
Rahul Patel,rahul.patel1552@hotmail.com,student
Kavya Singh,kavya.singh1553@hotmail.com,student
Nikhil Malhotra,nikhil.malhotra1554@outlook.com,student
Priya Patel,priya.patel1555@hotmail.com,student
Aarav Sharma,aarav.sharma1556@outlook.com,student
Kavya Das,kavya.das1557@outlook.com,student
Arjun Gupta,arjun.gupta1558@gmail.com,student
Swati Reddy,swati.reddy1559@hotmail.com,student
Priya Agarwal,priya.agarwal1560@outlook.com,student
Sneha Chopra,sneha.chopra1561@yahoo.com,student
Priya Malhotra,priya.malhotra1562@hotmail.com,student
Amit Joshi,amit.joshi1563@outlook.com,student
Amit Kumar,amit.kumar1564@hotmail.com,student
Rohan Mehta,rohan.mehta1565@yahoo.com,student
Karthik Nair,karthik.nair1566@hotmail.com,student
Pooja Iyer,pooja.iyer1567@yahoo.com,student
Rohan Chopra,rohan.chopra1568@gmail.com,student
Divya Reddy,divya.reddy1569@gmail.com,student
Manoj Chopra,manoj.chopra1570@yahoo.com,student
Manoj Kumar,manoj.kumar1571@hotmail.com,student
Vikram Das,vikram.das1572@outlook.com,student
Karthik Iyer,karthik.iyer1573@yahoo.com,student
Neha Nair,neha.nair1574@gmail.com,student
Pooja Agarwal,pooja.agarwal1575@gmail.com,student
Amit Agarwal,amit.agarwal1576@outlook.com,student
Karthik Chopra,karthik.chopra1577@hotmail.com,student
Isha Agarwal,isha.agarwal1578@outlook.com,student
Rahul Malhotra,rahul.malhotra1579@outlook.com,student
Isha Gupta,isha.gupta1580@yahoo.com,student
Pooja Reddy,pooja.reddy1581@outlook.com,student
Manoj Agarwal,manoj.agarwal1582@gmail.com,student
Kavya Sharma,kavya.sharma1583@gmail.com,student
Priya Joshi,priya.joshi1584@outlook.com,student
Vikram Sharma,vikram.sharma1585@hotmail.com,student
Karthik Verma,karthik.verma1586@outlook.com,student
Nikhil Sharma,nikhil.sharma1587@hotmail.com,student
Manoj Nair,manoj.nair1588@gmail.com,student
Ananya Nair,ananya.nair1589@hotmail.com,student
Priya Verma,priya.verma1590@yahoo.com,student
Pooja Chopra,pooja.chopra1591@outlook.com,student
Rohan Nair,rohan.nair1592@yahoo.com,student
Vikram Nair,vikram.nair1593@yahoo.com,student
Pooja Joshi,pooja.joshi1594@gmail.com,student
Neha Malhotra,neha.malhotra1595@yahoo.com,student
Aarav Malhotra,aarav.malhotra1596@outlook.com,student
Divya Mehta,divya.mehta1597@gmail.com,student
Arjun Singh,arjun.singh1598@gmail.com,student
Manoj Reddy,manoj.reddy1599@hotmail.com,student
Amit Nair,amit.nair1600@hotmail.com,student
Neha Chopra,neha.chopra1601@gmail.com,student
Kavya Nair,kavya.nair1602@outlook.com,student
Arjun Reddy,arjun.reddy1603@hotmail.com,student
Manoj Iyer,manoj.iyer1604@hotmail.com,student
Suresh Chopra,suresh.chopra1605@hotmail.com,student
Vikram Mehta,vikram.mehta1606@yahoo.com,student
Priya Kumar,priya.kumar1607@yahoo.com,student
Pooja Malhotra,pooja.malhotra1608@yahoo.com,student
Rahul Singh,rahul.singh1609@gmail.com,student
Suresh Malhotra,suresh.malhotra1610@yahoo.com,student
Vikram Malhotra,vikram.malhotra1611@outlook.com,student
Vikram Nair,vikram.nair1612@outlook.com,student
Aarav Agarwal,aarav.agarwal1613@gmail.com,student
Rahul Mehta,rahul.mehta1614@yahoo.com,student
Divya Sharma,divya.sharma1615@outlook.com,student
Swati Mehta,swati.mehta1616@yahoo.com,student
Manoj Chopra,manoj.chopra1617@outlook.com,student
Kavya Patel,kavya.patel1618@gmail.com,student
Ananya Singh,ananya.singh1619@yahoo.com,student
Kavya Kumar,kavya.kumar1620@gmail.com,student
Suresh Malhotra,suresh.malhotra1621@gmail.com,student
Rohan Reddy,rohan.reddy1622@yahoo.com,student
Kavya Malhotra,kavya.malhotra1623@hotmail.com,student
Meena Reddy,meena.reddy1624@outlook.com,student
Rohan Verma,rohan.verma1625@yahoo.com,student
Priya Nair,priya.nair1626@outlook.com,student
Nikhil Kumar,nikhil.kumar1627@yahoo.com,student
Kavya Patel,kavya.patel1628@gmail.com,student
Vikram Singh,vikram.singh1629@outlook.com,student
Nikhil Kumar,nikhil.kumar1630@hotmail.com,student
Sneha Malhotra,sneha.malhotra1631@hotmail.com,student
Karthik Iyer,karthik.iyer1632@gmail.com,student
Priya Gupta,priya.gupta1633@hotmail.com,student
Aarav Sharma,aarav.sharma1634@gmail.com,student
Suresh Malhotra,suresh.malhotra1635@gmail.com,student
Vikram Agarwal,vikram.agarwal1636@gmail.com,student
Rohan Mehta,rohan.mehta1637@hotmail.com,student
Meena Malhotra,meena.malhotra1638@yahoo.com,student
Aarav Gupta,aarav.gupta1639@yahoo.com,student
Kavya Kumar,kavya.kumar1640@gmail.com,student
Priya Das,priya.das1641@yahoo.com,student
Vikram Verma,vikram.verma1642@hotmail.com,student
Manoj Das,manoj.das1643@hotmail.com,student
Rahul Das,rahul.das1644@gmail.com,student
Meena Iyer,meena.iyer1645@hotmail.com,student
Neha Singh,neha.singh1646@hotmail.com,student
Meena Das,meena.das1647@yahoo.com,student
Priya Agarwal,priya.agarwal1648@hotmail.com,student
Isha Kumar,isha.kumar1649@gmail.com,student
Neha Malhotra,neha.malhotra1650@yahoo.com,student
Aarav Kumar,aarav.kumar1651@yahoo.com,student
Ananya Gupta,ananya.gupta1652@gmail.com,student
Vikram Malhotra,vikram.malhotra1653@gmail.com,student
Ananya Verma,ananya.verma1654@gmail.com,student
Amit Gupta,amit.gupta1655@yahoo.com,student
Ananya Agarwal,ananya.agarwal1656@hotmail.com,student
Arjun Sharma,arjun.sharma1657@yahoo.com,student
Suresh Sharma,suresh.sharma1658@hotmail.com,student
Priya Malhotra,priya.malhotra1659@gmail.com,student
Sneha Iyer,sneha.iyer1660@yahoo.com,student
Isha Nair,isha.nair1661@outlook.com,student
Priya Nair,priya.nair1662@hotmail.com,student
Aarav Reddy,aarav.reddy1663@gmail.com,student
Swati Chopra,swati.chopra1664@gmail.com,student
Nikhil Nair,nikhil.nair1665@gmail.com,student
Ananya Chopra,ananya.chopra1666@outlook.com,student
Suresh Kumar,suresh.kumar1667@gmail.com,student
Swati Singh,swati.singh1668@yahoo.com,student
Aarav Iyer,aarav.iyer1669@hotmail.com,student
Vikram Reddy,vikram.reddy1670@yahoo.com,student
Divya Reddy,divya.reddy1671@gmail.com,student
Swati Nair,swati.nair1672@outlook.com,student
Priya Reddy,priya.reddy1673@yahoo.com,student
Priya Reddy,priya.reddy1674@outlook.com,student
Arjun Patel,arjun.patel1675@outlook.com,student
Pooja Iyer,pooja.iyer1676@hotmail.com,student
Isha Das,isha.das1677@outlook.com,student
Vikram Sharma,vikram.sharma1678@gmail.com,student
Rahul Sharma,rahul.sharma1679@gmail.com,student
Isha Gupta,isha.gupta1680@hotmail.com,student
Suresh Kumar,suresh.kumar1681@yahoo.com,student
Rahul Agarwal,rahul.agarwal1682@gmail.com,student
Ananya Singh,ananya.singh1683@gmail.com,student
Karthik Joshi,karthik.joshi1684@hotmail.com,student
Ananya Iyer,ananya.iyer1685@outlook.com,student
Suresh Patel,suresh.patel1686@yahoo.com,student
Arjun Malhotra,arjun.malhotra1687@outlook.com,student
Kavya Sharma,kavya.sharma1688@outlook.com,student
Amit Reddy,amit.reddy1689@yahoo.com,student
Suresh Iyer,suresh.iyer1690@hotmail.com,student
Isha Joshi,isha.joshi1691@outlook.com,student
Arjun Malhotra,arjun.malhotra1692@yahoo.com,student
Aarav Kumar,aarav.kumar1693@gmail.com,student
Rohan Gupta,rohan.gupta1694@outlook.com,student
Rohan Sharma,rohan.sharma1695@yahoo.com,student
Rohan Malhotra,rohan.malhotra1696@gmail.com,student
Swati Iyer,swati.iyer1697@gmail.com,student
Ananya Joshi,ananya.joshi1698@outlook.com,student
Divya Chopra,divya.chopra1699@outlook.com,student
Kavya Reddy,kavya.reddy1700@gmail.com,student
Suresh Iyer,suresh.iyer1701@yahoo.com,student
Nikhil Sharma,nikhil.sharma1702@yahoo.com,student
Divya Agarwal,divya.agarwal1703@gmail.com,student
Vikram Gupta,vikram.gupta1704@outlook.com,student
Aarav Singh,aarav.singh1705@outlook.com,student
Divya Singh,divya.singh1706@gmail.com,student
Sneha Das,sneha.das1707@hotmail.com,student
Isha Chopra,isha.chopra1708@yahoo.com,student
Pooja Malhotra,pooja.malhotra1709@hotmail.com,student
Neha Mehta,neha.mehta1710@outlook.com,student
Aarav Reddy,aarav.reddy1711@yahoo.com,student
Arjun Das,arjun.das1712@yahoo.com,student
Rahul Das,rahul.das1713@gmail.com,student
Amit Patel,amit.patel1714@gmail.com,student
Rahul Singh,rahul.singh1715@gmail.com,student
Swati Sharma,swati.sharma1716@gmail.com,student
Kavya Reddy,kavya.reddy1717@yahoo.com,student
Swati Reddy,swati.reddy1718@hotmail.com,student
Nikhil Singh,nikhil.singh1719@outlook.com,student
Suresh Iyer,suresh.iyer1720@gmail.com,student
Arjun Patel,arjun.patel1721@hotmail.com,student
Divya Singh,divya.singh1722@yahoo.com,student
Suresh Singh,suresh.singh1723@gmail.com,student
Suresh Mehta,suresh.mehta1724@outlook.com,student
Vikram Sharma,vikram.sharma1725@hotmail.com,student
Neha Reddy,neha.reddy1726@yahoo.com,student
Kavya Chopra,kavya.chopra1727@outlook.com,student
Arjun Das,arjun.das1728@gmail.com,student
Vikram Reddy,vikram.reddy1729@gmail.com,student
Sneha Malhotra,sneha.malhotra1730@outlook.com,student
Arjun Iyer,arjun.iyer1731@gmail.com,student
Karthik Verma,karthik.verma1732@gmail.com,student
Ananya Kumar,ananya.kumar1733@outlook.com,student
Rahul Das,rahul.das1734@yahoo.com,student
Ananya Reddy,ananya.reddy1735@outlook.com,student
Aarav Patel,aarav.patel1736@yahoo.com,student
Kavya Mehta,kavya.mehta1737@yahoo.com,student
Karthik Mehta,karthik.mehta1738@outlook.com,student
Kavya Mehta,kavya.mehta1739@yahoo.com,student
Nikhil Chopra,nikhil.chopra1740@gmail.com,student
Neha Agarwal,neha.agarwal1741@yahoo.com,student
Pooja Malhotra,pooja.malhotra1742@hotmail.com,student
Aarav Gupta,aarav.gupta1743@yahoo.com,student
Neha Malhotra,neha.malhotra1744@hotmail.com,student
Kavya Gupta,kavya.gupta1745@hotmail.com,student
Arjun Joshi,arjun.joshi1746@gmail.com,student
Ananya Reddy,ananya.reddy1747@hotmail.com,student
Kavya Gupta,kavya.gupta1748@outlook.com,student
Aarav Verma,aarav.verma1749@hotmail.com,student
Meena Reddy,meena.reddy1750@gmail.com,student
Suresh Nair,suresh.nair1751@hotmail.com,student
Rahul Kumar,rahul.kumar1752@gmail.com,student
Meena Verma,meena.verma1753@yahoo.com,student
Neha Kumar,neha.kumar1754@hotmail.com,student
Ananya Reddy,ananya.reddy1755@yahoo.com,student
Rahul Patel,rahul.patel1756@outlook.com,student
Suresh Verma,suresh.verma1757@yahoo.com,student
Rohan Nair,rohan.nair1758@gmail.com,student
Rahul Nair,rahul.nair1759@yahoo.com,student
Meena Singh,meena.singh1760@yahoo.com,student
Manoj Das,manoj.das1761@hotmail.com,student
Priya Sharma,priya.sharma1762@hotmail.com,student
Nikhil Sharma,nikhil.sharma1763@yahoo.com,student
Nikhil Iyer,nikhil.iyer1764@outlook.com,student
Vikram Reddy,vikram.reddy1765@gmail.com,student
Meena Patel,meena.patel1766@hotmail.com,student
Suresh Malhotra,suresh.malhotra1767@yahoo.com,student
Rahul Malhotra,rahul.malhotra1768@hotmail.com,student
Rohan Reddy,rohan.reddy1769@yahoo.com,student
Arjun Chopra,arjun.chopra1770@outlook.com,student
Rahul Reddy,rahul.reddy1771@hotmail.com,student
Meena Patel,meena.patel1772@yahoo.com,student
Nikhil Sharma,nikhil.sharma1773@gmail.com,student
Meena Chopra,meena.chopra1774@gmail.com,student
Swati Chopra,swati.chopra1775@yahoo.com,student
Meena Chopra,meena.chopra1776@yahoo.com,student
Kavya Iyer,kavya.iyer1777@hotmail.com,student
Rohan Singh,rohan.singh1778@gmail.com,student
Kavya Chopra,kavya.chopra1779@yahoo.com,student
Neha Sharma,neha.sharma1780@hotmail.com,student
Rahul Verma,rahul.verma1781@yahoo.com,student
Ananya Patel,ananya.patel1782@hotmail.com,student
Karthik Joshi,karthik.joshi1783@yahoo.com,student
Pooja Singh,pooja.singh1784@outlook.com,student
Manoj Gupta,manoj.gupta1785@gmail.com,student
Amit Sharma,amit.sharma1786@yahoo.com,student
Aarav Mehta,aarav.mehta1787@hotmail.com,student
Neha Reddy,neha.reddy1788@hotmail.com,student
Kavya Nair,kavya.nair1789@hotmail.com,student
Vikram Das,vikram.das1790@yahoo.com,student
Vikram Joshi,vikram.joshi1791@hotmail.com,student
Vikram Patel,vikram.patel1792@hotmail.com,student
Arjun Gupta,arjun.gupta1793@outlook.com,student
Ananya Kumar,ananya.kumar1794@yahoo.com,student
Rohan Kumar,rohan.kumar1795@gmail.com,student
Manoj Mehta,manoj.mehta1796@yahoo.com,student
Neha Joshi,neha.joshi1797@gmail.com,student
Karthik Das,karthik.das1798@outlook.com,student
Isha Verma,isha.verma1799@hotmail.com,student
Swati Nair,swati.nair1800@hotmail.com,student
Dr. Karthik Patel,karthik.patel1801@yahoo.com,instructor
Dr. Swati Reddy,swati.reddy1802@outlook.com,instructor
Dr. Divya Iyer,divya.iyer1803@yahoo.com,instructor
Dr. Nikhil Iyer,nikhil.iyer1804@outlook.com,instructor
Dr. Ananya Iyer,ananya.iyer1805@yahoo.com,instructor
Dr. Divya Iyer,divya.iyer1806@gmail.com,instructor
Dr. Manoj Joshi,manoj.joshi1807@hotmail.com,instructor
Dr. Divya Patel,divya.patel1808@yahoo.com,instructor
Dr. Karthik Singh,karthik.singh1809@outlook.com,instructor
Dr. Divya Reddy,divya.reddy1810@gmail.com,instructor
Dr. Divya Agarwal,divya.agarwal1811@gmail.com,instructor
Dr. Aarav Agarwal,aarav.agarwal1812@outlook.com,instructor
Dr. Rahul Patel,rahul.patel1813@yahoo.com,instructor
Dr. Karthik Kumar,karthik.kumar1814@gmail.com,instructor
Dr. Nikhil Kumar,nikhil.kumar1815@outlook.com,instructor
Dr. Nikhil Das,nikhil.das1816@gmail.com,instructor
Dr. Suresh Gupta,suresh.gupta1817@hotmail.com,instructor
Dr. Nikhil Das,nikhil.das1818@outlook.com,instructor
Dr. Nikhil Nair,nikhil.nair1819@yahoo.com,instructor
Dr. Divya Reddy,divya.reddy1820@outlook.com,instructor
Dr. Manoj Kumar,manoj.kumar1821@yahoo.com,instructor
Dr. Arjun Chopra,arjun.chopra1822@yahoo.com,instructor
Dr. Divya Mehta,divya.mehta1823@outlook.com,instructor
Dr. Rahul Singh,rahul.singh1824@gmail.com,instructor
Dr. Isha Chopra,isha.chopra1825@hotmail.com,instructor
Dr. Vikram Chopra,vikram.chopra1826@outlook.com,instructor
Dr. Aarav Verma,aarav.verma1827@hotmail.com,instructor
Dr. Rohan Chopra,rohan.chopra1828@yahoo.com,instructor
Dr. Suresh Mehta,suresh.mehta1829@yahoo.com,instructor
Dr. Divya Reddy,divya.reddy1830@yahoo.com,instructor
Dr. Swati Kumar,swati.kumar1831@hotmail.com,instructor
Dr. Karthik Agarwal,karthik.agarwal1832@yahoo.com,instructor
Dr. Kavya Singh,kavya.singh1833@outlook.com,instructor
Dr. Amit Chopra,amit.chopra1834@hotmail.com,instructor
Dr. Kavya Iyer,kavya.iyer1835@yahoo.com,instructor
Dr. Vikram Agarwal,vikram.agarwal1836@outlook.com,instructor
Dr. Priya Sharma,priya.sharma1837@yahoo.com,instructor
Dr. Amit Das,amit.das1838@hotmail.com,instructor
Dr. Rahul Verma,rahul.verma1839@hotmail.com,instructor
Dr. Rohan Das,rohan.das1840@outlook.com,instructor
Dr. Kavya Singh,kavya.singh1841@hotmail.com,instructor
Dr. Rohan Iyer,rohan.iyer1842@hotmail.com,instructor
Dr. Aarav Chopra,aarav.chopra1843@yahoo.com,instructor
Dr. Amit Mehta,amit.mehta1844@gmail.com,instructor
Dr. Pooja Joshi,pooja.joshi1845@yahoo.com,instructor
Dr. Neha Singh,neha.singh1846@yahoo.com,instructor
Dr. Kavya Malhotra,kavya.malhotra1847@outlook.com,instructor
Dr. Arjun Iyer,arjun.iyer1848@gmail.com,instructor
Dr. Isha Verma,isha.verma1849@gmail.com,instructor
Dr. Vikram Agarwal,vikram.agarwal1850@gmail.com,instructor
Dr. Isha Nair,isha.nair1851@hotmail.com,instructor
Dr. Swati Patel,swati.patel1852@gmail.com,instructor
Dr. Rahul Malhotra,rahul.malhotra1853@gmail.com,instructor
Dr. Sneha Reddy,sneha.reddy1854@yahoo.com,instructor
Dr. Aarav Iyer,aarav.iyer1855@yahoo.com,instructor
Dr. Sneha Patel,sneha.patel1856@yahoo.com,instructor
Dr. Aarav Sharma,aarav.sharma1857@gmail.com,instructor
Dr. Rahul Agarwal,rahul.agarwal1858@gmail.com,instructor
Dr. Vikram Iyer,vikram.iyer1859@hotmail.com,instructor
Dr. Rohan Reddy,rohan.reddy1860@outlook.com,instructor
Dr. Rohan Patel,rohan.patel1861@hotmail.com,instructor
Dr. Meena Joshi,meena.joshi1862@outlook.com,instructor
Dr. Rohan Sharma,rohan.sharma1863@gmail.com,instructor
Dr. Arjun Iyer,arjun.iyer1864@outlook.com,instructor
Dr. Rahul Reddy,rahul.reddy1865@gmail.com,instructor
Dr. Arjun Iyer,arjun.iyer1866@outlook.com,instructor
Dr. Rohan Nair,rohan.nair1867@hotmail.com,instructor
Dr. Karthik Gupta,karthik.gupta1868@gmail.com,instructor
Dr. Karthik Joshi,karthik.joshi1869@hotmail.com,instructor
Dr. Amit Patel,amit.patel1870@gmail.com,instructor
Dr. Neha Patel,neha.patel1871@gmail.com,instructor
Dr. Meena Reddy,meena.reddy1872@gmail.com,instructor
Dr. Manoj Iyer,manoj.iyer1873@yahoo.com,instructor
Dr. Suresh Malhotra,suresh.malhotra1874@hotmail.com,instructor
Dr. Neha Das,neha.das1875@gmail.com,instructor
Dr. Meena Das,meena.das1876@hotmail.com,instructor
Dr. Karthik Sharma,karthik.sharma1877@yahoo.com,instructor
Dr. Manoj Gupta,manoj.gupta1878@gmail.com,instructor
Dr. Suresh Gupta,suresh.gupta1879@outlook.com,instructor
Dr. Nikhil Kumar,nikhil.kumar1880@outlook.com,instructor
Dr. Ananya Sharma,ananya.sharma1881@yahoo.com,instructor
Dr. Aarav Gupta,aarav.gupta1882@outlook.com,instructor
Dr. Vikram Chopra,vikram.chopra1883@hotmail.com,instructor
Dr. Isha Gupta,isha.gupta1884@yahoo.com,instructor
Dr. Vikram Patel,vikram.patel1885@outlook.com,instructor
Dr. Karthik Iyer,karthik.iyer1886@gmail.com,instructor
Dr. Neha Verma,neha.verma1887@outlook.com,instructor
Dr. Pooja Kumar,pooja.kumar1888@outlook.com,instructor
Dr. Nikhil Singh,nikhil.singh1889@outlook.com,instructor
Dr. Ananya Malhotra,ananya.malhotra1890@outlook.com,instructor
Dr. Rahul Patel,rahul.patel1891@gmail.com,instructor
Dr. Rohan Nair,rohan.nair1892@yahoo.com,instructor
Dr. Karthik Iyer,karthik.iyer1893@yahoo.com,instructor
Dr. Suresh Sharma,suresh.sharma1894@yahoo.com,instructor
Dr. Rohan Reddy,rohan.reddy1895@outlook.com,instructor
Dr. Meena Nair,meena.nair1896@outlook.com,instructor
Dr. Rahul Reddy,rahul.reddy1897@gmail.com,instructor
Dr. Isha Kumar,isha.kumar1898@hotmail.com,instructor
Dr. Meena Reddy,meena.reddy1899@outlook.com,instructor
Dr. Nikhil Gupta,nikhil.gupta1900@hotmail.com,instructor
Dr. Rohan Joshi,rohan.joshi1901@hotmail.com,instructor
Dr. Divya Malhotra,divya.malhotra1902@outlook.com,instructor
Dr. Swati Verma,swati.verma1903@outlook.com,instructor
Dr. Isha Sharma,isha.sharma1904@gmail.com,instructor
Dr. Suresh Reddy,suresh.reddy1905@outlook.com,instructor
Dr. Karthik Sharma,karthik.sharma1906@yahoo.com,instructor
Dr. Rahul Verma,rahul.verma1907@gmail.com,instructor
Dr. Pooja Chopra,pooja.chopra1908@gmail.com,instructor
Dr. Rohan Kumar,rohan.kumar1909@gmail.com,instructor
Dr. Karthik Kumar,karthik.kumar1910@gmail.com,instructor
Dr. Ananya Sharma,ananya.sharma1911@outlook.com,instructor
Dr. Karthik Nair,karthik.nair1912@gmail.com,instructor
Dr. Rahul Mehta,rahul.mehta1913@yahoo.com,instructor
Dr. Swati Das,swati.das1914@hotmail.com,instructor
Dr. Sneha Gupta,sneha.gupta1915@yahoo.com,instructor
Dr. Amit Malhotra,amit.malhotra1916@hotmail.com,instructor
Dr. Rohan Mehta,rohan.mehta1917@gmail.com,instructor
Dr. Neha Verma,neha.verma1918@gmail.com,instructor
Dr. Rahul Patel,rahul.patel1919@hotmail.com,instructor
Dr. Meena Gupta,meena.gupta1920@yahoo.com,instructor
Dr. Isha Malhotra,isha.malhotra1921@outlook.com,instructor
Dr. Suresh Kumar,suresh.kumar1922@yahoo.com,instructor
Dr. Karthik Singh,karthik.singh1923@yahoo.com,instructor
Dr. Meena Reddy,meena.reddy1924@outlook.com,instructor
Dr. Neha Sharma,neha.sharma1925@outlook.com,instructor
Dr. Nikhil Verma,nikhil.verma1926@yahoo.com,instructor
Dr. Isha Mehta,isha.mehta1927@outlook.com,instructor
Dr. Sneha Singh,sneha.singh1928@outlook.com,instructor
Dr. Vikram Chopra,vikram.chopra1929@hotmail.com,instructor
Dr. Ananya Joshi,ananya.joshi1930@gmail.com,instructor
Dr. Neha Das,neha.das1931@outlook.com,instructor
Dr. Aarav Malhotra,aarav.malhotra1932@outlook.com,instructor
Dr. Isha Sharma,isha.sharma1933@gmail.com,instructor
Dr. Rohan Gupta,rohan.gupta1934@outlook.com,instructor
Dr. Arjun Mehta,arjun.mehta1935@outlook.com,instructor
Dr. Kavya Das,kavya.das1936@outlook.com,instructor
Dr. Amit Kumar,amit.kumar1937@outlook.com,instructor
Dr. Priya Gupta,priya.gupta1938@gmail.com,instructor
Dr. Divya Malhotra,divya.malhotra1939@yahoo.com,instructor
Dr. Ananya Agarwal,ananya.agarwal1940@yahoo.com,instructor
Dr. Karthik Joshi,karthik.joshi1941@outlook.com,instructor
Dr. Arjun Nair,arjun.nair1942@outlook.com,instructor
Dr. Amit Kumar,amit.kumar1943@outlook.com,instructor
Dr. Karthik Gupta,karthik.gupta1944@outlook.com,instructor
Dr. Ananya Mehta,ananya.mehta1945@yahoo.com,instructor
Dr. Rohan Agarwal,rohan.agarwal1946@yahoo.com,instructor
Dr. Swati Chopra,swati.chopra1947@gmail.com,instructor
Dr. Swati Verma,swati.verma1948@outlook.com,instructor
Dr. Meena Malhotra,meena.malhotra1949@hotmail.com,instructor
Dr. Vikram Singh,vikram.singh1950@outlook.com,instructor
Dr. Kavya Gupta,kavya.gupta1951@gmail.com,instructor
Dr. Priya Reddy,priya.reddy1952@outlook.com,instructor
Dr. Aarav Agarwal,aarav.agarwal1953@gmail.com,instructor
Dr. Neha Mehta,neha.mehta1954@gmail.com,instructor
Dr. Isha Reddy,isha.reddy1955@hotmail.com,instructor
Dr. Ananya Gupta,ananya.gupta1956@hotmail.com,instructor
Dr. Amit Patel,amit.patel1957@hotmail.com,instructor
Dr. Amit Patel,amit.patel1958@hotmail.com,instructor
Dr. Rohan Agarwal,rohan.agarwal1959@outlook.com,instructor
Dr. Pooja Singh,pooja.singh1960@outlook.com,instructor
Dr. Manoj Agarwal,manoj.agarwal1961@gmail.com,instructor
Dr. Isha Das,isha.das1962@gmail.com,instructor
Dr. Meena Verma,meena.verma1963@hotmail.com,instructor
Dr. Aarav Agarwal,aarav.agarwal1964@yahoo.com,instructor
Dr. Vikram Gupta,vikram.gupta1965@outlook.com,instructor
Dr. Swati Mehta,swati.mehta1966@gmail.com,instructor
Dr. Manoj Sharma,manoj.sharma1967@hotmail.com,instructor
Dr. Manoj Das,manoj.das1968@hotmail.com,instructor
Dr. Aarav Singh,aarav.singh1969@yahoo.com,instructor
Dr. Divya Reddy,divya.reddy1970@yahoo.com,instructor
Dr. Nikhil Patel,nikhil.patel1971@outlook.com,instructor
Dr. Priya Gupta,priya.gupta1972@gmail.com,instructor
Dr. Neha Mehta,neha.mehta1973@hotmail.com,instructor
Dr. Sneha Kumar,sneha.kumar1974@gmail.com,instructor
Dr. Divya Gupta,divya.gupta1975@outlook.com,instructor
Dr. Pooja Mehta,pooja.mehta1976@yahoo.com,instructor
Dr. Meena Nair,meena.nair1977@gmail.com,instructor
Dr. Karthik Das,karthik.das1978@hotmail.com,instructor
Dr. Swati Agarwal,swati.agarwal1979@yahoo.com,instructor
Dr. Sneha Sharma,sneha.sharma1980@gmail.com,instructor
Dr. Manoj Mehta,manoj.mehta1981@gmail.com,instructor
Dr. Ananya Gupta,ananya.gupta1982@gmail.com,instructor
Dr. Nikhil Joshi,nikhil.joshi1983@yahoo.com,instructor
Dr. Nikhil Verma,nikhil.verma1984@yahoo.com,instructor
Dr. Swati Gupta,swati.gupta1985@yahoo.com,instructor
Dr. Karthik Chopra,karthik.chopra1986@hotmail.com,instructor
Dr. Aarav Kumar,aarav.kumar1987@yahoo.com,instructor
Dr. Isha Singh,isha.singh1988@outlook.com,instructor
Dr. Isha Patel,isha.patel1989@yahoo.com,instructor
Dr. Divya Gupta,divya.gupta1990@hotmail.com,instructor
Dr. Ananya Reddy,ananya.reddy1991@gmail.com,instructor
Dr. Rohan Agarwal,rohan.agarwal1992@yahoo.com,instructor
Dr. Neha Nair,neha.nair1993@outlook.com,instructor
Dr. Neha Nair,neha.nair1994@yahoo.com,instructor
Dr. Neha Das,neha.das1995@yahoo.com,instructor
Dr. Vikram Das,vikram.das1996@gmail.com,instructor
Dr. Suresh Singh,suresh.singh1997@yahoo.com,instructor
Dr. Arjun Joshi,arjun.joshi1998@hotmail.com,instructor
Dr. Nikhil Sharma,nikhil.sharma1999@hotmail.com,instructor
Dr. Aarav Verma,aarav.verma2000@gmail.com,instructor
